vendor_slug,vendor_name,target_id,target_type,coverage,maturity,evidence_url,evidence_quote,citation_keys,notes
beyondtrust,BeyondTrust,UC-P-001,UC-F,NATIVE,5,https://www.beyondtrust.com/products/password-safe,"stores, rotates, and controls access to privileged credentials",beyondtrust-ps-product-2025,Password Safe is BeyondTrust's primary vault; supports automated rotation on check-in or schedule; NIST-based password generation; SSH key management included.
beyondtrust,BeyondTrust,UC-P-002,UC-F,NATIVE,5,https://docs.beyondtrust.com/pra/docs/welcome-to-privileged-remote-access,securely manages and controls remote access to critical systems,beyondtrust-pra-docs-2025,PRA provides full session proxy/isolation via Jump technology; no direct credential exposure to client; supports RDP/SSH/web-app proxying; Kubernetes proxy added in v25.2.
beyondtrust,BeyondTrust,UC-P-003,UC-F,NATIVE,5,https://docs.beyondtrust.com/pra/docs/welcome-to-privileged-remote-access,"real-time session monitoring, auditing, and recording",beyondtrust-pra-docs-2025,Full RDP/SSH/shell session recording; Session Forensics enables searchable shell recordings; keystroke-level audit trail; available in both Password Safe and PRA.
beyondtrust,BeyondTrust,UC-P-004,UC-F,NATIVE,4,https://docs.beyondtrust.com/epm-wm/docs/jit-access-management,"Elevated permissions provided only when needed, for minimum duration",beyondtrust-epm-jit-docs-2025,"JIT via EPM-WM (JIT Application Access + JIT Admin Access), Password Safe JIT access control, and Entitle JIT for cloud; ZSP model supported; time-bound access with automatic revocation."
beyondtrust,BeyondTrust,UC-P-005,UC-F,NATIVE,5,https://docs.beyondtrust.com/bips/docs/bi-on-prem-discovery-scans,"discovers assets, such as systems, databases, applications, or network devices",beyondtrust-bi-discovery-docs-2025,BeyondInsight Discovery Scanner finds privileged accounts including SSH keys, service accounts, admin rights, stale accounts, and remote access tools. Free standalone discovery tool available.
beyondtrust,BeyondTrust,UC-P-006,UC-F,NATIVE,4,https://www.beyondtrust.com/solutions/application-password-management,"identifying, controlling, and securely storing application credentials",beyondtrust-aapm-solution-2025,Password Safe API + Secrets Safe covers AAPM; DevOps Secrets Safe serves CI/CD workloads; Secrets Cache ensures local caching for high-performance throughput. No native SPIFFE/SVID workload attestation.
beyondtrust,BeyondTrust,UC-P-007,UC-F,NATIVE,4,https://docs.beyondtrust.com/bips/docs/on-prem-bi-authentication,"multi-factor, smart card, and third-party authentication",beyondtrust-bi-auth-docs-2025,Per-session MFA enforced at each privileged session start (PRA); SAML 2.0 federation; RADIUS/LDAP/smart card support; Azure MFA integration for Password Safe.
beyondtrust,BeyondTrust,UC-P-008,UC-F,NATIVE,4,https://www.beyondtrust.com/resources/whitepapers/access-privileged-passwords-break-glass-scenarios,give you access to your critical systems in emergencies,beyondtrust-breakglass-wp-2025,Dedicated break-glass design guidance and whitepaper; Secrets Cache serves last-known-good credentials during Password Safe outages; cloud DR with geo-redundant storage supports offline/DR retrieval.
beyondtrust,BeyondTrust,UC-P-009,UC-F,NATIVE,5,https://docs.beyondtrust.com/epm-wm/docs/welcome-to-endpoint-privilege-management-for-windows-and-mac,"Removes excessive admin rights while providing controlled, secure access",beyondtrust-epm-wm-docs-2025,"Core BeyondTrust differentiator. EPM-WM covers Windows/Mac; EPM-Linux covers Unix/Linux. Application control, privilege elevation rules, and audit. Formerly PowerBroker/Avecto — deep market history."
beyondtrust,BeyondTrust,UC-P-010,UC-F,NATIVE,5,https://www.beyondtrust.com/solutions/least-privilege,enforce least privilege across all human/non-human identities and accounts,beyondtrust-leastpriv-solution-2025,"Layered least-privilege approach: EPM removes local admin rights, Password Safe eliminates standing credentials, Entitle right-sizes cloud entitlements; Identity Security Insights surfaces over-privileged accounts."
beyondtrust,BeyondTrust,UC-P-011,UC-F,NATIVE,5,https://www.beyondtrust.com/solutions/remote-access-management,manage and control remote access for third-party vendors,beyondtrust-pra-vendor-solution-2025,PRA is explicitly positioned for VPAM (vendor privileged access management). VPN-free; brokered access via single pathway; granular session controls; no agent required on vendor device; audit logging.
beyondtrust,BeyondTrust,UC-P-012,UC-F,NATIVE,3,https://www.beyondtrust.com/products/entitle,"discovers, analyzes, and controls permissions across AWS, Azure, and GCP",beyondtrust-entitle-product-2025,"Entitle (acquired 2024) provides CIEM: cloud entitlement discovery, JIT cloud access, and least-privilege right-sizing across major clouds. Recognized as GigaOm 2026 CIEM Leader & Outperformer. Maturing rapidly post-acquisition; deeper PAM+CIEM integration still in progress."
beyondtrust,BeyondTrust,UC-P-013,UC-F,ADD-ON,2,https://www.beyondtrust.com/resources/datasheets/devops-secrets-safe,"assigns unique identities to machines, applications, services, containers",beyondtrust-devops-ss-ds-2025,DevOps Secrets Safe assigns machine identities and provides secrets brokering for workloads/containers. No native SPIFFE/SVID workload attestation documented; secretless access (zero credential exposure to workload) is partial — API-pull model still requires credential at call-time. [INDUSTRY-CONSENSUS: secretless/SPIFFE is emerging PAM frontier; most PAM vendors lag]
beyondtrust,BeyondTrust,UC-P-014,UC-F,NATIVE,3,https://www.beyondtrust.com/products/entitle/features/automated-user-access-reviews,saves up to 90% of effort spent on user access reviews,beyondtrust-entitle-uar-2025,Entitle provides automated access review campaigns with audit-ready evidence. Access certification for cloud entitlements is strong. Native PAM-level privileged-account recertification within Password Safe/BeyondInsight is limited; Entitle fills the gap for cloud. Maturity 3 reflects partial coverage.
beyondtrust,BeyondTrust,UC-P-015,UC-N,NATIVE,4,https://www.beyondtrust.com/password-safe/features/threat-analytics,behavioral analytics teamed with vulnerability data and security intelligence,beyondtrust-ps-threatanalytics-2025,"BeyondInsight Threat Analytics + PUBA: ML-based baseline profiling, risk scoring, anomaly detection across privileged sessions. Identity Security Insights adds AI-powered cross-domain identity threat analytics and attack-path visualization."
beyondtrust,BeyondTrust,UC-P-016,UC-N,NATIVE,4,https://docs.beyondtrust.com/insights/docs/detections,anomaly-based detections use AI-backed methods to report unusual activity,beyondtrust-insights-detections-2025,"Identity Security Insights provides credential-theft detection with ITDR capabilities; BeyondTrust detected Okta Support breach weeks before Okta acknowledged it. KuppingerCole 2024 ITDR Overall Leader. Detects compromised accounts; can trigger automated responses (rotate, terminate session)."
beyondtrust,BeyondTrust,UC-P-017,UC-N,NATIVE,4,https://docs.beyondtrust.com/bips/docs/hosting-locations-and-disaster-recovery,"automated backups, geo-redundant storage, and Azure availability zones",beyondtrust-ps-dr-docs-2025,Cloud SaaS uptime SLA 99.9% (consistently exceeded); transactional log backups every 5-10 min; geo-redundant storage across paired Azure regions; Secrets Cache ensures credential availability during PS outage; U-Series on-prem supports clustering and mirroring. ISO 22301-aligned BC/DR plan.
cyberark-pam,CyberArk,UC-P-001,UC-F,NATIVE,5,https://docs.cyberark.com/privilege-cloud-standard/latest/en/content/privilege%20cloud/privcloud-introduction.htm,"securely store, rotate and isolate credentials",cyberark-privcloud-intro-2025,Privilege Cloud + PAM Self-Hosted Digital Vault; SRS replaces legacy CPM for SaaS rotation. Both human and non-human identities covered.
cyberark-pam,CyberArk,UC-P-002,UC-F,NATIVE,5,https://docs.cyberark.com/pam-self-hosted/latest/en/content/pasimp/privileged-session%20manager-introduction.htm,sessions are fully isolated and credentials never exposed,cyberark-psm-docs-2025,PSM proxies RDP/SSH/web sessions; credential never touches end-user device. PSM for SSH covers Unix/Linux.
cyberark-pam,CyberArk,UC-P-003,UC-F,NATIVE,5,https://docs.cyberark.com/pam-self-hosted/latest/en/content/pasimp/monitoring-privileged-sessions.htm,activities in each privileged session recorded in text and/or video,cyberark-psm-monitor-2025,Full video and keystroke recording stored in Vault; tamper-resistant; searchable. Applies to Privilege Cloud and Self-Hosted.
cyberark-pam,CyberArk,UC-P-004,UC-F,NATIVE,5,https://docs.cyberark.com/epm/latest/en/content/policies/jitelevationadmin-newui.htm,"temporary elevation of privileges on a by-request, timed basis",cyberark-jit-epm-docs-2025,"JIT via EPM (endpoint), Secure Infrastructure Access ephemeral accounts, and short-lived SSH certs. Zero-standing-privilege model documented across product line."
cyberark-pam,CyberArk,UC-P-005,UC-F,NATIVE,4,https://docs.cyberark.com/privilege-cloud-standard/latest/en/content/privilege%20cloud/discovery-discover-accounts.htm,CPM Scanner scans Windows and Unix machines for new accounts,cyberark-discovery-docs-2025,"Account Discovery covers Windows/Unix/macOS local admin, AWS IAM, AD service accounts. New SaaS Discovery Service added in 2024-25. Onboarding rules auto-remediate."
cyberark-pam,CyberArk,UC-P-006,UC-F,NATIVE,5,https://docs.cyberark.com/secrets-manager-sh/latest/en/content/references/providers/scl_dap.htm,apps connect to Secretless Broker without credentials,cyberark-conjur-secrets-docs-2025,Conjur/Secrets Manager + Application Access Manager (AAM) broker credentials to apps/pipelines/containers. Secretless Broker eliminates hard-coded secrets. CCP/AIM SDK paths also available.
cyberark-pam,CyberArk,UC-P-007,UC-F,NATIVE,5,https://docs.cyberark.com/identity/latest/en/content/coreservices/authenticate/authentication.htm,multi-factor authentication to authenticate users for privileged access,cyberark-identity-mfa-docs-2025,"CyberArk Identity MFA (TOTP, push, biometric, FIDO2) enforced at PSM session launch and portal login. Adaptive MFA rules based on risk signals."
cyberark-pam,CyberArk,UC-P-008,UC-F,NATIVE,4,https://docs.cyberark.com/manage/latest/en/content/sca/dpaforcloud/breakglass.htm,offline access via CyberArk mobile app can be used,cyberark-breakglass-docs-2025,"Break-glass documented: dedicated safe, dual-control optional, offline mobile retrieval, root/admin accounts. CRDR adds regional resilience. Not a separate SKU—built into vault design."
cyberark-pam,CyberArk,UC-P-009,UC-F,NATIVE,5,https://docs.cyberark.com/epm/latest/en/content/intro/introduction.htm,enforces least privilege and adaptive application controls,cyberark-epm-docs-2025,"EPM is a dedicated product line (Windows/macOS/Linux). Removes local admin, JIT elevation, application allowlist/blocklist, credential theft blocking, ransomware protection."
cyberark-pam,CyberArk,UC-P-010,UC-F,NATIVE,4,https://www.cyberark.com/products/endpoint-privilege-manager/,users and applications only have permissions necessary for their roles,cyberark-epm-product-2025,EPM enforces least-privilege at endpoint layer. Secure Cloud Access adds least-privilege scoping for cloud sessions. CIEM/Cloud Entitlements Manager handles cloud entitlement right-sizing. Cross-product coverage; no single unified entitlement analytics console.
cyberark-pam,CyberArk,UC-P-011,UC-F,NATIVE,5,https://docs.cyberark.com/remote-access-shared-services/latest/en/content/intro/getstarted.htm,"secure third-party access without VPNs, passwords or agents",cyberark-remote-access-docs-2025,"CyberArk Remote Access (formerly Alero) is a dedicated SaaS product for vendor/third-party access. Biometric MFA, JIT provisioning, no VPN, full session recording via PSM."
cyberark-pam,CyberArk,UC-P-012,UC-F,NATIVE,4,https://www.cyberark.com/products/cloud-entitlements-manager/,zero standing privileges secures identities at every layer,cyberark-ciem-product-2025,Cloud Entitlements Manager (CIEM) is a dedicated SaaS product. Secure Cloud Access adds JIT session-level access to AWS/Azure/GCP consoles and CLIs. Named CIEM Leader by KuppingerCole 2023. Separate SKU from core PAM.
cyberark-pam,CyberArk,UC-P-013,UC-F,NATIVE,4,https://docs.cyberark.com/conjur-enterprise/Latest/en/Content/Get%20Started/key_concepts/machine_identity.html,workloads authenticate to Conjur by means of a workload identity,cyberark-conjur-machineidentity-2025,"Conjur provides workload identity via Kubernetes service accounts, OIDC, JWT, cert-based auth. Secretless Broker removes credential handling entirely from workload code. Strong k8s/container posture; non-container workload coverage slightly narrower."
cyberark-pam,CyberArk,UC-P-014,UC-F,ADD-ON,3,https://docs.cyberark.com/identity-compliance/latest/en/content/getstarted/introduction.htm,periodic reviews of user access to various resources including Safes,cyberark-identity-compliance-docs-2025,CyberArk Identity Compliance provides certification campaigns for Safes and roles. SCIM integration enables SailPoint/other IGA to manage privileged account lifecycle. Native certification is ADD-ON module (Identity Compliance); not bundled with PAM SKU.
cyberark-pam,CyberArk,UC-P-015,UC-N,NATIVE,4,https://docs.cyberark.com/pam-self-hosted/latest/en/content/landing%20pages/lp_threatanalyticsadmin.htm,continuously monitors use of privileged accounts for indications of abuse,cyberark-pta-docs-2025,"PTA (Privileged Threat Analytics) provides behavioral baselines, anomaly scoring, SIEM forwarding, and Vault-native alerting. Available in PAM Self-Hosted; Privilege Cloud equivalent via SIEM integration. PTA is included in Self-Hosted; Privilege Cloud analytics rely more on SIEM."
cyberark-pam,CyberArk,UC-P-016,UC-N,NATIVE,4,https://www.cyberark.com/press/cyberark-adds-credential-theft-blocking/,detects and blocks attempts to steal credentials from Windows and browsers,cyberark-epm-credtheft-press-2025,"EPM blocks hash harvesting (pass-the-hash), Kerberos ticket theft (golden ticket). PTA detects lateral movement and credential misuse from vault perspective. Strong endpoint + PAM-level coverage; cloud credential theft detection relies on CIEM/SIEM integration."
cyberark-pam,CyberArk,UC-P-017,UC-N,NATIVE,4,https://docs.cyberark.com/privilege-cloud-shared-services/latest/en/content/privilege%20cloud/privcloud-ha-architecture.htm,PAM solution provides layered continuity across availability zones,cyberark-ha-docs-2025,Privilege Cloud: multi-AZ active/active in AWS. Self-Hosted: DR Vault + PVWA HA documented. CRDR (cross-region) is ADD-ON license. Mobile app offline access for break-glass. Mature HA for SaaS; self-hosted HA complexity is customer-managed.
delinea,Delinea,UC-P-001,UC-F,NATIVE,5,https://delinea.com/products/secret-server,Enterprise password vault with automated rotation and encryption,delinea-secret-server-2025,"Secret Server Remote Password Changing (RPC) covers AD, service, local, and SSH accounts. AWS/Azure Secrets Manager sync added 2024."
delinea,Delinea,UC-P-002,UC-F,NATIVE,5,https://delinea.com/products/secret-server/features/privileged-session-management,RDP and SSH sessions proxy through Secret Server vault,delinea-session-mgmt-2025,Forced-proxy ensures no direct server access; sessions routed through vault enforcing credential injection.
delinea,Delinea,UC-P-003,UC-F,NATIVE,5,https://delinea.com/products/secret-server/features/session-recording,Record keystrokes and video for SQL RDP SSH PuTTY sessions,delinea-session-recording-2025,Full keystroke and screen recording with searchable playback; keystroke search for sudo commands on SSH.
delinea,Delinea,UC-P-004,UC-F,NATIVE,4,https://delinea.com/solutions/zero-standing-privilege,Just-in-time access removes standing privilege after time limit,delinea-jit-zsp-2025,"Broker-and-remove workflow with approval, time-bound grant, and auto password rotation post-session. Delivered via Cloud Suite and Server PAM."
delinea,Delinea,UC-P-005,UC-F,NATIVE,4,https://delinea.com/resources/service-account-discovery-tool,Discover privileged accounts on systems devices and applications,delinea-discovery-2025,Service Account Discovery tool for Windows AD; Privilege Manager discovers machines and accounts with admin rights on endpoints.
delinea,Delinea,UC-P-006,UC-F,NATIVE,4,https://delinea.com/what-is/application-to-application-password-management-aapm,Applications retrieve passwords dynamically via PAM APIs,delinea-aapm-2025,AAPM and Delegated Machine Credentials (DMC) allow workloads to call vault APIs using machine OAuth2 token; removes hardcoded secrets.
delinea,Delinea,UC-P-007,UC-F,NATIVE,5,https://docs.delinea.com/online-help/delinea-platform/authentication/mfa-for-secrets.htm,MFA enforcement on secrets via FIDO2 YubiKey mobile push,delinea-mfa-secrets-2025,"Adaptive MFA for PAM; supports Delinea Mobile App, YubiKey/FIDO2, Microsoft Authenticator. MFA enforcement at depth announced 2023."
delinea,Delinea,UC-P-008,UC-F,NATIVE,4,https://docs.delinea.com/online-help/secret-server/backup-and-disaster-recovery/break-glass/index.htm,Unlimited Administrator mode with dual-control and audit trail,delinea-breakglass-2025,"Break-glass via Unlimited Admin mode; requires dual-person approval, triggers email alert, full audit; resilient secrets provide offline cache."
delinea,Delinea,UC-P-009,UC-F,NATIVE,5,https://delinea.com/products/privilege-manager,Endpoint least privilege and application control for Windows macOS,delinea-privmgr-2025,"Privilege Manager removes local admin rights, elevates per-application, enforces application control. Market-leading dedicated EPM product."
delinea,Delinea,UC-P-010,UC-F,NATIVE,4,https://delinea.com/products/server-suite,Granular least-privilege JIT elevation for Linux UNIX Windows servers,delinea-serversuite-2025,Server Suite / Cloud Suite enforces just-enough privilege per-command on Unix/Linux; Privilege Control for Cloud Entitlements right-sizes cloud entitlements.
delinea,Delinea,UC-P-011,UC-F,NATIVE,5,https://delinea.com/products/privileged-remote-access,Browser-based VPN-less privileged remote access for vendors contractors,delinea-pra-2025,"Dedicated Privileged Remote Access product; JIT vaulted-credential injection, session recording, MFA, approval workflow for third parties."
delinea,Delinea,UC-P-012,UC-F,NATIVE,4,https://delinea.com/products/privilege-control-for-cloud-entitlements,Discover and right-size entitlements across AWS Azure GCP,delinea-pcce-2025,Privilege Control for Cloud Entitlements (PCCE) — Microsoft-selected replacement for Entra Permissions Management (retired Oct 2025). Covers multi-cloud IAM.
delinea,Delinea,UC-P-013,UC-F,NATIVE,3,https://delinea.com/what-is/delegated-machine-credential,Machine identity OAuth2 token delegates workload vault access,delinea-dmc-2025,Delegated Machine Credentials use Cloud Suite agent footprint as machine identity; no per-workload service accounts; secretless credential brokering. Not full SPIFFE/SPIRE attestation.
delinea,Delinea,UC-P-014,UC-F,ADD-ON,3,https://delinea.com/products/identity-access-certification,Automatically extract and correlate user and access data,delinea-fastpath-2025,Fastpath Access Review (partner-integrated add-on): automated access certification workflows and remediation reporting. Not native to core Secret Server; requires Fastpath module.
delinea,Delinea,UC-P-015,UC-N,NATIVE,4,https://delinea.com/products/privileged-behavior-analytics,Detect deviations with dynamic baseline behavioral indicators,delinea-pba-2025,Privileged Behavior Analytics (PBA) + Identity Threat Protection (ITP) via Authomize acquisition; AI-driven risk scoring across privileged identities.
delinea,Delinea,UC-P-016,UC-N,NATIVE,4,https://delinea.com/products/ai-driven-auditing,AI-driven auditing flags anomalies in privileged sessions,delinea-ai-audit-2025,AI-Driven Auditing analyses session recordings for anomalies; ITDR correlates behaviour across users tokens service accounts; patent-backed credential-sharing detection.
delinea,Delinea,UC-P-017,UC-N,NATIVE,4,https://docs.delinea.com/online-help/secret-server/backup-and-disaster-recovery/disaster-recovery/index.htm,Clustering resilient secrets SQL AlwaysOn for high availability,delinea-dr-2025,"Multi-node clustering, SQL AlwaysOn, RabbitMQ HA, resilient-secrets selective replication (on-prem to cloud). Cloud-hosted SaaS option removes most infra HA burden."
one-identity-safeguard,One Identity,UC-P-001,UC-F,NATIVE,4,https://www.oneidentity.com/products/one-identity-safeguard-for-privileged-passwords/,Enterprise Password Vault for secure and efficient workforce password management,oneidentity-spp-product-2025,SPP (Safeguard for Privileged Passwords) is a hardened appliance-based vault; automated credential rotation supported; personal vaults also available. Covers passwords and SSH keys.
one-identity-safeguard,One Identity,UC-P-002,UC-F,NATIVE,4,https://www.oneidentity.com/products/one-identity-safeguard-for-privileged-sessions/,"control, monitor and record privileged sessions of administrators, remote vendors",oneidentity-sps-product-2025,"SPS (Safeguard for Privileged Sessions) acts as a transparent session proxy supporting RDP, SSH, Telnet, HTTPS, ICA, VNC. Credentials not exposed to end user during proxied sessions."
one-identity-safeguard,One Identity,UC-P-003,UC-F,NATIVE,5,https://www.oneidentity.com/products/one-identity-safeguard-for-privileged-sessions/,"all session activity is captured, indexed and stored for tamper-proof data trails",oneidentity-sps-product-2025,Full session recording with OCR-indexed content; searchable audit trails; tamper-proof storage; session replay. Consistently cited as a market-leading capability.
one-identity-safeguard,One Identity,UC-P-004,UC-F,NATIVE,3,https://www.oneidentity.com/community/news/b/press-releases/posts/safeguard-press-announcement,LDAP Privilege Elevation and Demotion support Just-In-Time (JIT) access,oneidentity-safeguard-80-lts-2024,JIT via SPP access request workflows (time-bound credential checkout) plus LDAP privilege elevation/demotion in 8.0 LTS. Full ZSP also requires Active Roles for AD group membership automation — note that component is ADD-ON/separate product.
one-identity-safeguard,One Identity,UC-P-005,UC-F,NATIVE,4,https://www.oneidentity.com/products/one-identity-safeguard-for-privileged-passwords/,"Discovery: Automatically find privileged accounts on your network; supports host, directory and network discovery",oneidentity-spp-product-2025,"Native discovery across host, directory, and network targets. Covers both privileged and local-admin accounts. Feeds accounts directly into SPP vault."
one-identity-safeguard,One Identity,UC-P-006,UC-F,NATIVE,4,https://support.oneidentity.com/technical-documents/one-identity-safeguard-for-privileged-passwords/7.4.1/administration-guide/92,third-party application to retrieve a credential from the Safeguard for Privileged Passwords vault,oneidentity-spp-a2a-admin-guide-2024,Native A2A service: apps retrieve credentials via certificate + API key without user workflow; replaces hard-coded passwords in scripts/automation. IP restrictions supported.
one-identity-safeguard,One Identity,UC-P-007,UC-F,NATIVE,4,https://support.oneidentity.com/technical-documents/one-identity-safeguard-for-privileged-sessions/7.2/duo-multi-factor-authentication---tutorial,configuring authentication whitelists and blacklists to selectively require multi-factor authentication,oneidentity-sps-mfa-duo-2024,"SPS integrates natively with Duo, Okta, RSA, inWebo, Starling 2FA, and others for MFA at privileged session initiation. SPP access request workflows also enforce MFA via One Identity Starling."
one-identity-safeguard,One Identity,UC-P-008,UC-F,NATIVE,4,https://www.oneidentity.com/products/one-identity-safeguard-for-privileged-passwords/,"Workflow Engine: Create your own workflows with time restrictions, multiple approvers, emergency access",oneidentity-spp-product-2025,"Emergency access policy configured in SPP; break-glass workflows bypass normal approvers, require justification, and generate audited alerts. MFA whitelists in SPS allow bypassing MFA for pre-designated break-glass accounts."
one-identity-safeguard,One Identity,UC-P-009,UC-F,ADD-ON,3,https://www.oneidentity.com/products/safeguard-privilege-manager-for-windows/,Remove local admin rights and give users with elevated execution privileges,oneidentity-spmfw-product-2025,"Safeguard Privilege Manager for Windows is a separate licensed product for EPM on Windows; policy-based elevation, application control, digital certificate verification. Unix/Linux/macOS coverage handled via Safeguard for Sudo and Authentication Services — additional add-ons, not Safeguard core."
one-identity-safeguard,One Identity,UC-P-010,UC-F,ADD-ON,3,https://www.oneidentity.com/solutions/privileged-access-governance/,providing a centralized platform with a 360 degree view of all user accounts and activities,oneidentity-pag-solution-2025,Entitlement right-sizing requires One Identity Manager (IGA) + Safeguard integration via Privileged Access Governance (PAG) module. Standalone Safeguard provides access request policy-based controls but lacks unused-entitlement analytics without OIM. [INDUSTRY-CONSENSUS: most PAM vendors rely on IGA integration for full right-sizing]
one-identity-safeguard,One Identity,UC-P-011,UC-F,NATIVE,4,https://www.oneidentity.com/products/one-identity-safeguard-remote-access/,Cloud-native access solution that connects remote users to privileged resources securely - without VPN,oneidentity-sra-product-2025,"Safeguard Remote Access (SRA) is a cloud-native SaaS add-on delivering agentless, browser-based vendor access (RDP/SSH) backed by SPS session recording. SPS alone also supports third-party/vendor session isolation and recording natively."
one-identity-safeguard,One Identity,UC-P-012,UC-F,ADD-ON,3,https://www.oneidentity.com/solutions/cloud-infrastructure-entitlement-management/,CIEM at the intersection of IGA and PAM,oneidentity-ciem-solution-2025,CIEM delivered via One Identity Manager (Identity Manager + Safeguard combined); not a standalone Safeguard module. Provides cloud-platform entitlement governance visibility and privileged access for cloud objects. Requires OIM license.
one-identity-safeguard,One Identity,UC-P-013,UC-F,ADD-ON,2,https://github.com/OneIdentity/SafeguardDevOpsService,Safeguard secret distribution service for pushing secrets to target DevOps environments,oneidentity-secrets-broker-github-2024,"Safeguard Secrets Broker for DevOps (open-source add-on) pushes rotated secrets to HashiCorp Vault, Azure Key Vault, AWS Secrets Manager, Kubernetes Secrets, Jenkins, GitHub. Architecture eliminates bootstrap secrets via push model. No native SPIFFE/OIDC workload attestation documented — broker still relies on vault credentials for app access. Gap vs. true secretless attestation."
one-identity-safeguard,One Identity,UC-P-014,UC-F,ADD-ON,3,https://support.oneidentity.com/technical-documents/identity-manager/9.1.1/administration-guide-for-privileged-account-governance/37,PAM access attestation allows attestation of what PAM users are entitled to do in the PAM appliance,oneidentity-oim-pag-admin-2024,Privileged account certification and recertification is delivered through One Identity Manager (IGA) v9+ via the Privileged Account Governance module — a separate product licensed and deployed independently from Safeguard. Scheduled and on-demand recertification campaigns supported.
one-identity-safeguard,One Identity,UC-P-015,UC-N,NATIVE,4,https://www.oneidentity.com/products/one-identity-safeguard-for-privileged-analytics/,detects deviations by using 13 different machine-learning algorithms,oneidentity-spa-product-2025,SPA (Safeguard for Privileged Analytics) is a dedicated analytics module; ingests SPS session data; creates individual user behavioral baselines; ranks anomalies by risk; integrates automated session termination. Sold as part of Safeguard suite.
one-identity-safeguard,One Identity,UC-P-016,UC-N,NATIVE,4,https://www.oneidentity.com/products/one-identity-safeguard-for-privileged-analytics/,screen content analysis... theft and misuse of privileged identities,oneidentity-spa-product-2025,"SPA detects credential theft via keystroke dynamics, mouse behavioral biometrics, session screen content analysis, and command analytics. Flags anomalies vs. per-user baseline. Automated session kill on high-risk events."
one-identity-safeguard,One Identity,UC-P-017,UC-N,NATIVE,4,https://support.oneidentity.com/technical-documents/one-identity-safeguard-for-privileged-sessions/7.4/scalability-and-high-availability-in-safeguard,join 3 or 5 SPP appliances into a single cluster; hot-spare pair replicates all information,oneidentity-sps-ha-docs-2024,SPP supports 3- or 5-node clusters with full replication and automatic failover. SPS supports hot-spare HA pairs. Partial cluster upgrades without downtime in 8.0 LTS. On-prem appliance model; Safeguard On Demand (SaaS) option also available for cloud-native resilience.
teleport,Teleport,UC-P-001,UC-F,GAP,0,,,,"Teleport is NOT a password vault. Its model eliminates static credentials entirely via short-lived X.509 certificates; no credential vaulting, check-out/check-in, or automated rotation of stored passwords. See: goteleport.com/blog/zero-standing-privileges-vs-credential-vaulting/ — 'Teleport was built around identity and verification, not vaults.' Customers needing classical password vaulting must use a separate tool (e.g., HashiCorp Vault, CyberArk)."
teleport,Teleport,UC-P-002,UC-F,NATIVE,5,https://goteleport.com/privileged-access-management/,Every privileged session proxied through Teleport with full identity context,teleport-pam-2025,"Certificate-based proxy for SSH, RDP/Windows Desktop, Kubernetes, Database, and App access. No direct firewall holes required; all traffic funnelled through Teleport Proxy Service. Strong isolation — market-leading for cloud-native environments."
teleport,Teleport,UC-P-003,UC-F,NATIVE,5,https://goteleport.com/docs/reference/architecture/session-recording/,Captures entire PTY output; supports BPF-level enhanced recording,teleport-session-recording-2025,"Full session recording (node-sync, node, proxy-sync, proxy modes) for SSH, RDP, Kubernetes, database, and app sessions. Enhanced BPF recording captures syscalls. 1-year default retention; SIEM-exportable structured audit logs."
teleport,Teleport,UC-P-004,UC-F,NATIVE,5,https://goteleport.com/use-cases/just-in-time-access/,Fine-grained ephemeral privileges eliminate all static standing access,teleport-jit-2025,"Teleport Access Requests via CLI, Web UI, Slack, PagerDuty, Jira, ServiceNow. Automatic expiry enforced by cert TTL. Access Graph surfaces standing-privilege count. Dual-authorisation and session-moderator options. Market-leading JIT for infrastructure."
teleport,Teleport,UC-P-005,UC-F,ADD-ON,2,https://goteleport.com/docs/enroll-resources/auto-discovery/,"Discovery Service scans EC2, EKS, GKE, RDS at 15-minute intervals",teleport-auto-discovery-2025,"Auto-discovery covers cloud-hosted infrastructure resources (EC2, EKS, RDS, GKE, Azure VMs) enrolled into Teleport. Does NOT provide traditional on-prem privileged/local-admin account enumeration or an AD-style privileged account inventory scanner. Requires Teleport Enterprise + Identity Security for AWS IAM user/group sync (ADD-ON). [INDUSTRY-CONSENSUS] for on-prem gap."
teleport,Teleport,UC-P-006,UC-F,NATIVE,4,https://goteleport.com/docs/machine-workload-identity/workload-identity/,Eliminate long-lived shared secrets within your infrastructure,teleport-workload-identity-2025,"Machine & Workload Identity issues short-lived SPIFFE-compatible X.509 certs / JWTs to services and CI/CD pipelines. tbot agent performs workload attestation (Linux UID/GID, Kubernetes pod). Replaces API keys and shared secrets for app-to-app auth. Not a traditional secrets manager for arbitrary app credentials."
teleport,Teleport,UC-P-007,UC-F,NATIVE,5,https://goteleport.com/docs/zero-trust-access/authentication/hardware-key-support/,Hardware-based private keys generated on-device; impossible to export,teleport-mfa-2025,"Supports per-session MFA (WebAuthn default on Cloud), hardware security keys (YubiKey, SoloKey, Titan via FIDO2/FIDO U2F), biometric passkeys, TOTP, and SSO-layered MFA. MFA-for-admin-actions enforces hardware key re-challenge on sensitive operations."
teleport,Teleport,UC-P-008,UC-F,NATIVE,4,https://goteleport.com/docs/zero-trust-access/deploy-a-cluster/reliability/breakglass-access/,Short-lived signed certs grant access even when Teleport control plane is down,teleport-breakglass-2025,Documented break-glass procedure issues Teleport CA-signed certs usable against OpenSSH when Teleport is offline. Any use of break-glass user triggers sshd audit log and should prompt immediate investigation. Covers SSH; RDP/DB break-glass less formally documented.
teleport,Teleport,UC-P-009,UC-F,GAP,0,,,,"Teleport has no Endpoint Privilege Management (EPM) capability — it does not manage local-admin tokens on endpoints, enforce application-level privilege elevation (UAC-style), or provide process-level least-privilege on Windows/macOS/Linux desktops. This is outside Teleport's architectural scope. EPM requires a dedicated tool (e.g., BeyondTrust EPM, CyberArk EPM)."
teleport,Teleport,UC-P-010,UC-F,NATIVE,4,https://goteleport.com/docs/identity-security/,Identify users with excessive standing privileges across infrastructure,teleport-identity-security-2025,"Access Graph (Teleport Identity Security, Enterprise) visualises standing privileges across SSH, Kubernetes, DB, cloud IAM. Surfaces over-privileged accounts and conflicting roles. JIT + Access Requests enforce least-privilege at session level. Right-sizing recommendations require Access Graph; not available on Community edition. [INDUSTRY-CONSENSUS] maturity 4 — visualisation strong, automated right-sizing tooling still maturing."
teleport,Teleport,UC-P-011,UC-F,NATIVE,5,https://goteleport.com/blog/third-party-access/,Zero standing privileges and just-in-time access for all vendor sessions,teleport-vendor-access-2025,"Vendors/contractors authenticate via their own corporate SSO (Okta, Entra ID, Google, GitHub). JIT access scoped to resource, auto-expiring via cert TTL, fully recorded and audited. No shared credentials or SSH keys. Per-session MFA configurable. Strong fit for FI third-party access requirements."
teleport,Teleport,UC-P-012,UC-F,ADD-ON,3,https://goteleport.com/docs/identity-security/integrations/aws-sync/,"Scans IAM permissions, users, groups, resources and identities for visual mapping",teleport-ciem-aws-2025,"Identity Security / Access Graph syncs AWS IAM policies, users, groups, EC2, EKS, RDS, KMS. Provides entitlement visualisation and least-privilege analysis for AWS. Azure/GCP coverage less complete. Not a full CIEM platform (no remediation automation, no multi-cloud policy enforcement engine). Requires Teleport Enterprise. ADD-ON to core access platform."
teleport,Teleport,UC-P-013,UC-F,NATIVE,5,https://goteleport.com/docs/machine-workload-identity/workload-identity/introduction/,Workload attestation eliminates bootstrapping secrets for workload credentials,teleport-workload-attestation-2025,SPIFFE Workload API implementation: tbot attests workload identity via Linux process attributes or Kubernetes pod metadata. Issues short-lived X.509 SVIDs or JWTs — no static secret bootstrap. This is Teleport's strongest differentiated capability vs. traditional PAM. Cert TTL ~20 minutes by default.
teleport,Teleport,UC-P-014,UC-F,NATIVE,3,https://goteleport.com/docs/identity-governance/access-lists/,Access Lists require periodic reviews; select a future next-review date,teleport-access-lists-2025,"Access Lists (Teleport Enterprise) enforce periodic membership reviews with configurable next-review date. Owners are auto-suggested as reviewers on Access Requests. Immutable audit log exports user/role/access-history for auditor evidence. Covers Teleport-managed resources only; does not certify entitlements in external systems (AD, cloud IAM) natively. [INDUSTRY-CONSENSUS] maturity 3 — functional but narrower scope than full IGA recertification."
teleport,Teleport,UC-P-015,UC-N,NATIVE,3,https://goteleport.com/platform/identity-security/,Continuously analyses identity behaviour to detect privilege escalation and lateral movement,teleport-itdr-2025,"Identity Security correlates 50+ identity vulnerability types; alerts on anomalous access patterns, off-hours access, privilege escalation, lateral movement. Session-level context included in every alert. SIEM integration for export. Less mature than dedicated UEBA platforms; no custom ML model tuning exposed to customers. Requires Teleport Enterprise."
teleport,Teleport,UC-P-016,UC-N,NATIVE,4,https://goteleport.com/blog/how-to-detect-compromised-identities-with-teleport/,Certificate generation counter detects potentially stolen renewable certificates,teleport-cert-theft-2025,"tbot certificate-generation counter: if renewed cert counter mismatches Auth Service counter, renewal fails and bot user is auto-locked. Ephemeral cert model structurally limits credential-theft blast radius to one session. Identity Security flags insecure SSH keys and anomalous auth patterns. Inherently strong because static creds are eliminated — stolen cert is TTL-limited."
teleport,Teleport,UC-P-017,UC-N,NATIVE,4,https://goteleport.com/docs/deploy-a-cluster/high-availability/,HA cluster with Auth Service load balancer and external key-value backend,teleport-ha-2025,"Documented HA deployment: Proxy Service and Auth Service each behind load balancers; external backend (DynamoDB, etcd, CockroachDB) for cluster state and audit storage. Break-glass SSH works even when Teleport control plane is offline. Disaster recovery docs cover EKS, GKE, AKS, and on-prem. Teleport Cloud (SaaS) provides managed HA. RPO depends on backend backup frequency."
wallix-bastion,WALLIX,UC-P-001,UC-F,NATIVE,4,https://www.wallix.com/products/privileged-access-management/,Password Manager manages rotation guaranteeing passwords cannot be stolen,wallix-pam-product-2025,"AES-256 encrypted vault; automatic rotation of privileged/shared credentials, service accounts, and SSH keys. Open architecture supports integration with external vaults."
wallix-bastion,WALLIX,UC-P-002,UC-F,NATIVE,5,https://www.wallix.com/privileged-access-management/session-manager/,Session isolation restricts access and prevents lateral movement,wallix-session-mgr-2025,"Bastion proxy architecture prevents all direct access to targets; firewall rules enforce all sessions through Session Manager. Supports RDP, SSH, VNC, RLOGIN, TELNET."
wallix-bastion,WALLIX,UC-P-003,UC-F,NATIVE,5,https://www.wallix.com/privileged-access-management/session-manager/,Audit trail includes full-color video transcript and metadata,wallix-session-mgr-2025,DVR-like video recordings with OCR-indexed searchable content; MP4 export; live session monitoring; unalterable audit logs. Considered WALLIX core differentiator.
wallix-bastion,WALLIX,UC-P-004,UC-F,NATIVE,4,https://www.wallix.com/just-in-time-privileged-access-its-security-oclock/,Eliminate excessive privileges and enact Zero Standing Privileges policy,wallix-jit-2025,PEDM delivers JIT elevation via PAM4ALL; temporary elevation granted per-task and auto-revoked. ZSP reduces always-on accounts to time-limited grants.
wallix-bastion,WALLIX,UC-P-005,UC-F,NATIVE,3,https://www.wallix.com/products/privileged-access-management/,Discovery module maps network to unveil hidden privileged accounts,wallix-pam-product-2025,Network-scan Discovery module identifies forgotten/orphaned privileged accounts. Scope limited to on-prem/AD targets; cloud-native discovery depth is moderate.
wallix-bastion,WALLIX,UC-P-006,UC-F,NATIVE,4,https://www.wallix.com/blogpost/the-bastion-secures-your-applications-with-aapm/,Secured mechanism to authenticate application with another — no exposed passwords,wallix-aapm-2025,AAPM eliminates hard-coded credentials in scripts/config files via fingerprinting technology for app identity. Removes password exposure from DevOps pipelines.
wallix-bastion,WALLIX,UC-P-007,UC-F,NATIVE,4,https://www.wallix.com/products/multi-factor-authentication-mfa/,Seamless integration and maintenance for uncompromised security with PAM,wallix-mfa-2025,WALLIX Authenticator (iOS/Android/desktop) supports push notification and TOTP; native integration with Bastion and Access Manager for privileged session MFA.
wallix-bastion,WALLIX,UC-P-008,UC-F,NATIVE,3,https://pam.wallix.one/documentation/deployment/getting-started/setup/ipsec/high-availability.html,High availability between different data-centres breaking glass procedure,wallix-ha-docs-2025,Break-glass documented alongside HA and DR in WALLIX One PAM deployment guide. Approver-based emergency workflow exists in Users & Approvers Guide. Not prominently marketed as standalone feature.
wallix-bastion,WALLIX,UC-P-009,UC-F,NATIVE,4,https://www.wallix.com/news/wallix-launch-bestsafe-endpoint-privilege-management-solution-epm,BestSafe eliminates risks of overprivileged users preventing malware spread,wallix-bestsafe-2025,WALLIX BestSafe (EPM) enforces least privilege at process/application level on Windows; removes local admin rights without productivity impact. Packaged as WALLIX EPM within PAM4ALL.
wallix-bastion,WALLIX,UC-P-010,UC-F,NATIVE,4,https://www.wallix.com/privileged-access-management/pedm/,PEDM removes local administration rights to grant right privileges at right time,wallix-pedm-2025,PEDM + BestSafe enforce entitlement right-sizing at endpoint and server level; PAM4ALL extends to all user types. IAG module adds access-review remediation path.
wallix-bastion,WALLIX,UC-P-011,UC-F,NATIVE,5,https://www.wallix.com/products/remote-access/,No VPN no shared passwords maximum security for third-party access,wallix-remote-access-2025,"WALLIX Remote Access / Access Manager provides agentless, VPN-free privileged vendor access; MFA enforced; sessions recorded; vendors not added to corporate AD. Named FI and OT use case."
wallix-bastion,WALLIX,UC-P-012,UC-F,ADD-ON,2,https://www.wallix.com/azure-security-monitoring-and-privileged-access-management-pam/,Enables PAM across multiple clouds edge and on-premises environments,wallix-cloud-2025,WALLIX Bastion deployable on AWS/Azure Marketplace; manages privileged cloud accounts within vault. No native CIEM (entitlement right-sizing across IAM roles/policies). Cloud-native entitlement analytics require partner SIEM/CSPM. [INDUSTRY-CONSENSUS: WALLIX is not a CIEM vendor]
wallix-bastion,WALLIX,UC-P-013,UC-F,ADD-ON,2,https://www.wallix.com/blogpost/understanding-non-human-identities-the-hidden-risks-of-automated-access/,Use secure vaults such as Wallix Bastion for API keys and certificates,wallix-nhi-2025,WALLIX Bastion/Enterprise Vault stores NHI secrets with encryption and audit. AAPM covers app-to-app credential injection. True secretless workload attestation (SPIFFE/OIDC federation) not documented as native capability. [INDUSTRY-CONSENSUS: secretless workload identity is an emerging gap for WALLIX]
wallix-bastion,WALLIX,UC-P-014,UC-F,ADD-ON,3,https://www.wallix.com/products/identity-and-access-governance/,Centralized view into employees and contractors entitlements with certification campaigns,wallix-iag-2025,"WALLIX IAG provides access certification/recertification campaigns covering privileged accounts; tracks orphan/dormant accounts; integrates ITSM remediation. Available as separate IAG module, not bundled in Bastion core."
wallix-bastion,WALLIX,UC-P-015,UC-N,NATIVE,3,https://www.wallix.com/blogpost/pam-siem-and-sao-leveraging-cybersecurity-tools-to-move-the-needle-on-alert-management/,PAM integrates with SIEM IDS and SAO to identify and stop suspicious actions,wallix-siem-2025,"Session Manager feeds behavioral data and metadata to Splunk, IBM QRadar, and other SIEMs. Real-time alerts for policy violations. No native ML-based UEBA engine — analytics rely on SIEM partner integration."
wallix-bastion,WALLIX,UC-P-016,UC-N,NATIVE,3,https://www.wallix.com/solutions/insider-threat-protection/,Real-time session monitoring and recording with metadata extraction enable audit trails,wallix-insider-threat-2025,Automated password rotation + session recording + instant alarm/termination detects credential misuse in-session. Credential theft detection is reactive (alert on anomalous use) not predictive. UEBA-level detection requires SIEM integration.
wallix-bastion,WALLIX,UC-P-017,UC-N,NATIVE,4,https://pam.wallix.one/documentation/deployment/getting-started/setup/ipsec/high-availability.html,High availability between different data-centres disaster recovery backups snapshots,wallix-ha-docs-2025,"WALLIX One PAM SaaS: 99.9% uptime SLA on Azure, ISO 27001 certified, single-tenant isolated architecture. On-prem Bastion supports active-active and active-standby IPsec HA with BGP failover. DR and snapshot backups documented."
