framework_slug,framework_role,control_code,control_short_title,uc_ids,nhi_ids,maturity_level,evidence_url,evidence_quote,citation_keys,quote_type
essential-8,PRIMARY-LENS,E8-RAP-ML1,Restrict admin privileges — least-privilege baseline,UC-F-003;UC-F-005;UC-F-013;UC-F-021;UC-N-002;UC-N-009;UC-N-010,NHI-001;NHI-005;NHI-012;NHI-024;NHI-026;NHI-029;NHI-035,ML1,https://www.cyber.gov.au/business-government/asds-cyber-security-frameworks/essential-eight/essential-eight-maturity-model,"Requests for privileged access to systems, applications and data repositories are validated when first requested.",acsc-e8-2023;acsc-e8-mm-nov2023,verbatim
essential-8,PRIMARY-LENS,E8-RAP-ML2,Restrict admin privileges — separation + JIT,UC-F-003;UC-F-005;UC-F-006;UC-F-007;UC-F-013;UC-F-015;UC-F-020;UC-F-021;UC-F-026;UC-N-002;UC-N-009;UC-N-010,NHI-001;NHI-005;NHI-012;NHI-014;NHI-022;NHI-024;NHI-026;NHI-029;NHI-035,ML2,https://www.cyber.gov.au/business-government/asds-cyber-security-frameworks/essential-eight/essential-eight-maturity-model,"Privileged user accounts (excluding those explicitly authorised to access online services) are prevented from accessing the internet, email and web services.",acsc-e8-2023;acsc-e8-mm-nov2023,verbatim
essential-8,PRIMARY-LENS,E8-RAP-ML3,Restrict admin privileges — Secure Admin Workstations + just-in-time,UC-F-003;UC-F-007;UC-F-016;UC-F-020;UC-F-021;UC-F-026;UC-F-027;UC-N-009;UC-N-010;UC-N-011,NHI-001;NHI-012;NHI-022;NHI-024;NHI-025;NHI-026;NHI-035;NHI-037,ML3,https://www.cyber.gov.au/business-government/asds-cyber-security-frameworks/essential-eight/essential-eight-maturity-model-changes,"Secure Admin Workstations are used in the performance of administrative activities.",acsc-e8-2023;acsc-e8-changes-nov2023,verbatim
essential-8,PRIMARY-LENS,E8-RAP-SVC,Restrict admin privileges — service-account credential hygiene,UC-F-006;UC-F-013;UC-F-020;UC-F-023;UC-F-026;UC-F-027;UC-N-002;UC-N-003;UC-N-009,NHI-001;NHI-005;NHI-007;NHI-012;NHI-022;NHI-026;NHI-029;NHI-032;NHI-035;NHI-037,ML2,https://www.cyber.gov.au/business-government/asds-cyber-security-frameworks/essential-eight/essential-eight-maturity-model,"Credentials for break glass accounts, local administrator accounts and service accounts are long, unique, unpredictable and managed.",acsc-e8-2023,verbatim
essential-8,PRIMARY-LENS,E8-RAP-BREAKGLASS,Restrict admin privileges — break-glass account management,UC-F-007;UC-F-026;UC-N-009;UC-N-010,NHI-024;NHI-025;NHI-035;NHI-026,ML3,https://www.cyber.gov.au/business-government/asds-cyber-security-frameworks/essential-eight/essential-eight-maturity-model,"Credentials for break glass accounts, local administrator accounts and service accounts are long, unique, unpredictable and managed.",acsc-e8-2023,verbatim
essential-8,PRIMARY-LENS,E8-RAP-LOG,Restrict admin privileges — central event logging,UC-N-001;UC-N-011;UC-N-017;UC-F-007;UC-N-019,NHI-001;NHI-024;NHI-035;NHI-037,ML2,https://www.cyber.gov.au/business-government/asds-cyber-security-frameworks/essential-eight/essential-eight-maturity-model,"Privileged access events are centrally logged.",acsc-e8-2023,verbatim
essential-8,PRIMARY-LENS,E8-MFA-ML1,Multi-factor authentication — internet-facing & online services,UC-F-003;UC-F-015;UC-F-024;UC-F-025,NHI-003;NHI-007;NHI-014;NHI-028;NHI-030,ML1,https://www.cyber.gov.au/business-government/asds-cyber-security-frameworks/essential-eight/essential-eight-maturity-model,"Multi-factor authentication is used to authenticate users to their organisation's online services that process, store or communicate their organisation's sensitive data.",acsc-e8-2023,verbatim
essential-8,PRIMARY-LENS,E8-MFA-ML2,Multi-factor authentication — privileged users + workload mTLS analogue,UC-F-003;UC-F-004;UC-F-006;UC-F-013;UC-F-014;UC-F-015;UC-F-024;UC-F-026,NHI-001;NHI-006;NHI-012;NHI-013;NHI-024;NHI-028;NHI-029;NHI-036,ML2,https://www.cyber.gov.au/business-government/asds-cyber-security-frameworks/essential-eight/essential-eight-maturity-model,"Multi-factor authentication is used to authenticate privileged users of systems.",acsc-e8-2023,verbatim
essential-8,PRIMARY-LENS,E8-MFA-ML3,Multi-factor authentication — phishing-resistant for high-value access,UC-F-004;UC-F-007;UC-F-017;UC-F-018;UC-F-024;UC-F-026;UC-N-010,NHI-006;NHI-018;NHI-019;NHI-024;NHI-028;NHI-035;NHI-036,ML3,https://www.cyber.gov.au/business-government/asds-cyber-security-frameworks/essential-eight/essential-eight-maturity-model,"Multi-factor authentication used for authenticating users of systems is phishing-resistant.",acsc-e8-2023,verbatim
essential-8,PRIMARY-LENS,E8-MFA-WORKLOAD,Multi-factor authentication — machine-to-machine analogue (mTLS + attestation),UC-F-003;UC-F-004;UC-F-014;UC-F-017;UC-F-018;UC-F-019;UC-F-024;UC-F-026;UC-F-028,NHI-002;NHI-006;NHI-017;NHI-018;NHI-021;NHI-028;NHI-036;NHI-019,ML2,https://www.cyber.gov.au/business-government/asds-cyber-security-frameworks/essential-eight/essential-eight-maturity-model,"Multi-factor authentication uses either: something users have and something users know, or something users have that is unlocked by something users know or are.",acsc-e8-2023,verbatim
essential-8,PRIMARY-LENS,E8-AC-ML1,Application control — executable allow-listing,UC-F-001;UC-F-008;UC-F-009;UC-F-010;UC-F-016,NHI-002;NHI-003;NHI-004;NHI-008;NHI-015;NHI-016,ML1,https://www.cyber.gov.au/business-government/asds-cyber-security-frameworks/essential-eight/essential-eight-maturity-model,"Application control restricts the execution of executables, software libraries, scripts, installers, compiled HTML, HTML applications and control panel applets to an organisation-approved set.",acsc-e8-2023,verbatim
essential-8,PRIMARY-LENS,E8-AC-ML2,Application control — Microsoft blocklist + central logging,UC-F-016;UC-N-012;UC-N-001;UC-N-011,NHI-015;NHI-016;NHI-020,ML2,https://www.cyber.gov.au/business-government/asds-cyber-security-frameworks/essential-eight/essential-eight-maturity-model,"Microsoft's recommended application blocklist is implemented.",acsc-e8-2023,verbatim
essential-8,PRIMARY-LENS,E8-AC-ML3,Application control — signed-artifact admission + driver blocklist,UC-F-008;UC-F-016;UC-N-012,NHI-015;NHI-016;NHI-018;NHI-020;NHI-034,ML3,https://www.cyber.gov.au/business-government/asds-cyber-security-frameworks/essential-eight/essential-eight-maturity-model,"Microsoft's vulnerable driver blocklist is implemented.",acsc-e8-2023,verbatim
essential-8,PRIMARY-LENS,E8-PA-ML1,Patch applications — internet-facing patching (two weeks / 48 hours),UC-N-001;UC-N-004;UC-N-011,NHI-035;NHI-010;NHI-013;NHI-024;NHI-025,ML1,https://www.cyber.gov.au/business-government/asds-cyber-security-frameworks/essential-eight/essential-eight-maturity-model,"Patches, updates or other vendor mitigations for vulnerabilities in office productivity suites, web browsers and their extensions, email clients, PDF software, and security products are applied within two weeks of release.",acsc-e8-2023,verbatim
essential-8,PRIMARY-LENS,E8-PA-ML2,Patch applications — critical-vulnerability 48h SLA for vault platform,UC-N-001;UC-N-004;UC-N-011;UC-F-026,NHI-035;NHI-024;NHI-025;NHI-013;NHI-010,ML2,https://www.cyber.gov.au/business-government/asds-cyber-security-frameworks/essential-eight/essential-eight-maturity-model,"Patches, updates or other vendor mitigations for vulnerabilities in office productivity suites, web browsers and their extensions, email clients, PDF software, and security products are applied within 48 hours of release when vulnerabilities are assessed as critical by vendors or when working exploits exist.",acsc-e8-2023,verbatim
essential-8,PRIMARY-LENS,E8-POS-ML1,Patch operating systems — vault/HSM/CA OS hygiene,UC-N-004;UC-N-011;UC-F-026,NHI-024;NHI-025;NHI-035;NHI-021;NHI-032;NHI-022;NHI-033,ML1,https://www.cyber.gov.au/business-government/asds-cyber-security-frameworks/essential-eight/essential-eight-maturity-model,"Patches, updates or other vendor mitigations for vulnerabilities in operating systems of internet-facing servers and internet-facing network devices are applied within two weeks of release when vulnerabilities are assessed as non-critical by vendors and no working exploits exist.",acsc-e8-2023,verbatim
essential-8,PRIMARY-LENS,E8-POS-ML2,Patch operating systems — critical 48h on internet-facing components,UC-N-004;UC-N-011;UC-F-026,NHI-024;NHI-025;NHI-035;NHI-013;NHI-032,ML2,https://www.cyber.gov.au/business-government/asds-cyber-security-frameworks/essential-eight/essential-eight-maturity-model,"Patches, updates or other vendor mitigations for vulnerabilities in operating systems of internet-facing servers and internet-facing network devices are applied within 48 hours of release when vulnerabilities are assessed as critical by vendors or when working exploits exist.",acsc-e8-2023,verbatim
essential-8,PRIMARY-LENS,E8-POS-FIRMWARE,Patch operating systems — HSM/appliance firmware,UC-N-004;UC-N-010;UC-N-013;UC-F-026,NHI-024;NHI-025;NHI-035;NHI-023;NHI-021,ML2,https://www.cyber.gov.au/business-government/asds-cyber-security-frameworks/essential-eight/essential-eight-maturity-model,"Patches, updates or other vendor mitigations for vulnerabilities in firmware are applied within one month of release when vulnerabilities are assessed as non-critical by vendors and no working exploits exist.",acsc-e8-2023,verbatim
essential-8,PRIMARY-LENS,E8-UAH,User application hardening,UC-F-001;UC-F-002;UC-N-008,NHI-008,N/A,https://www.cyber.gov.au/business-government/asds-cyber-security-frameworks/essential-eight/essential-eight-maturity-model,"Web browsers do not process Java from the internet.",acsc-e8-2023,verbatim
essential-8,PRIMARY-LENS,E8-MAC,Restrict Microsoft Office macros,MISSING-UC,MISSING-NHI,N/A,https://www.cyber.gov.au/business-government/asds-cyber-security-frameworks/essential-eight/essential-eight-maturity-model,"Microsoft Office macros are blocked from making Win32 API calls.",acsc-e8-2023,verbatim
essential-8,PRIMARY-LENS,E8-RB-ML1,Regular backups — frequency + retention,UC-F-021;UC-N-001;UC-N-003;UC-N-004,NHI-026;NHI-023;NHI-035;NHI-024,ML1,https://www.cyber.gov.au/business-government/asds-cyber-security-frameworks/essential-eight/essential-eight-maturity-model,"Backups of data, applications and settings are performed and retained in accordance with business criticality and business continuity requirements.",acsc-e8-2023,verbatim
essential-8,PRIMARY-LENS,E8-RB-ML2,Regular backups — backup-administrator separation,UC-F-021;UC-N-003;UC-N-009;UC-N-010,NHI-026;NHI-012;NHI-024;NHI-029;NHI-035,ML2,https://www.cyber.gov.au/business-government/asds-cyber-security-frameworks/essential-eight/essential-eight-maturity-model,"Unprivileged user accounts cannot access backups belonging to other user accounts.",acsc-e8-2023,verbatim
essential-8,PRIMARY-LENS,E8-RB-ML3,Regular backups — immutability + break-glass-only modification,UC-F-021;UC-N-004;UC-N-010,NHI-026;NHI-024;NHI-035;NHI-023,ML3,https://www.cyber.gov.au/business-government/asds-cyber-security-frameworks/essential-eight/essential-eight-maturity-model,"Backup administrator accounts are prevented from modifying and deleting backups during their retention period.",acsc-e8-2023,verbatim
essential-8,PRIMARY-LENS,E8-RB-KEYS,Regular backups — HSM/KMS key backup custody,UC-N-004;UC-N-007;UC-N-010;UC-N-013,NHI-023;NHI-024;NHI-025;NHI-035,ML2,https://www.cyber.gov.au/business-government/asds-cyber-security-frameworks/essential-eight/essential-eight-maturity-model,"Backups of data, applications and settings are synchronised to enable restoration to a common point in time.",acsc-e8-2023,verbatim
essential-8,PRIMARY-LENS,E8-MATURITY-SCORECARD,Outcome scorecard — programme maturity reporting,UC-N-005;UC-N-001;UC-N-003;UC-N-009;UC-N-011;UC-N-014;UC-N-015;UC-N-020,NHI-001;NHI-006;NHI-012;NHI-019;NHI-022;NHI-026;NHI-034;NHI-035;NHI-037,ML1;ML2;ML3,https://www.cyber.gov.au/business-government/asds-cyber-security-frameworks/essential-eight/essential-eight-maturity-model,"With the exception of Maturity Level Zero, the maturity levels are based on mitigating increasing levels of tradecraft (i.e. tools, tactics, techniques and procedures) and targeting, which are discussed in more detail below.",acsc-e8-2023;acsc-e8-mm-nov2023,verbatim
essential-8,PRIMARY-LENS,E8-RAP-NHI-GAP,Restrict admin privileges — NHI-specific gap (no E8 dedicated NHI control),MISSING-UC,NHI-002;NHI-016;NHI-031;NHI-033;NHI-034,N/A,https://www.cyber.gov.au/business-government/asds-cyber-security-frameworks/essential-eight/essential-eight-maturity-model,"Essential Eight controls focus on user accounts and do not enumerate machine identities; gap acknowledged by ASD ISM mapping document.",acsc-e8-ism-mapping-2023,analyst-note
cisa-ztmm-v2,PRIMARY-LENS,ZT-Pillar-Identity,Subject identification and per-request authorisation for NHIs,UC-F-003;UC-F-004;UC-F-006;UC-F-007;UC-F-013;UC-F-015;UC-F-020;UC-F-024;UC-F-025;UC-F-027;UC-N-002;UC-N-003,NHI-001;NHI-002;NHI-003;NHI-005;NHI-006;NHI-007;NHI-012;NHI-019;NHI-027;NHI-028;NHI-029;NHI-035;NHI-036;NHI-037,Pillar-Identity,https://csrc.nist.gov/publications/detail/sp/800-207/final,"All resource authentication and authorization are dynamic and strictly enforced before access is allowed.",nist-sp-800-207-2020;nist-sp-800-63-4-2024,verbatim
cisa-ztmm-v2,PRIMARY-LENS,ZT-Pillar-Identity-Federation,Federated OIDC/SVID identity for CI/CD and partner clients,UC-F-003;UC-F-004;UC-F-018;UC-F-024,NHI-003;NHI-006;NHI-019;NHI-027;NHI-028;NHI-036,Pillar-Identity,https://csrc.nist.gov/publications/detail/sp/800-207/final,"Many enterprises will deploy ZTA components that require federation between identity providers.",nist-sp-800-207-2020;nist-sp-800-207a-2023,verbatim
cisa-ztmm-v2,PRIMARY-LENS,ZT-Pillar-Workload-mTLS,Workload-to-workload attested mTLS via service mesh,UC-F-004;UC-F-008;UC-F-009;UC-F-012;UC-F-014,NHI-002;NHI-004;NHI-006;NHI-011;NHI-013;NHI-017;NHI-036,Pillar-Workload,https://csrc.nist.gov/publications/detail/sp/800-204D/final,"Service mesh and similar overlays can enforce per-request authorization and mutual authentication between microservices.",nist-sp-800-204d-2024;nist-sp-800-207a-2023,verbatim
cisa-ztmm-v2,PRIMARY-LENS,ZT-Pillar-Workload-CICD,CI/CD pipeline integrity and ephemeral credentials,UC-F-003;UC-F-010;UC-F-016;UC-N-012,NHI-003;NHI-009;NHI-015;NHI-016;NHI-020,Pillar-Workload,https://csrc.nist.gov/publications/detail/sp/800-204D/final,"Pipelines should treat all secrets and signing keys as short-lived and brokered through a centrally managed service.",nist-sp-800-204d-2024,verbatim
cisa-ztmm-v2,PRIMARY-LENS,ZT-Pillar-Workload-Runtime,Runtime attestation gates secret release,UC-F-004;UC-F-017;UC-F-018;UC-N-018;UC-F-028;UC-F-030,NHI-002;NHI-006;NHI-018;NHI-019;NHI-036,Pillar-Workload,https://csrc.nist.gov/publications/detail/sp/800-207/final,"The enterprise monitors and measures the integrity and security posture of all owned and associated assets.",nist-sp-800-207-2020;nist-sp-1800-35-2025,verbatim
cisa-ztmm-v2,PRIMARY-LENS,ZT-Pillar-Device,Device health and hardware-rooted identity gating secret release,UC-F-019;UC-F-023;UC-N-016,NHI-021;NHI-032;NHI-033,Pillar-Device,https://csrc.nist.gov/publications/detail/sp/800-207/final,"No resource is inherently trusted; the enterprise evaluates the security posture of the asset.",nist-sp-800-207-2020;cisa-ztmm-v2-2023,verbatim
cisa-ztmm-v2,PRIMARY-LENS,ZT-Pillar-Network,Broker placement and micro-segmentation around secrets infrastructure,UC-F-012;UC-F-014;UC-F-022;UC-F-024,NHI-006;NHI-011;NHI-013;NHI-028;NHI-031;NHI-032,Pillar-Network,https://csrc.nist.gov/publications/detail/sp/800-207/final,"All communication is secured regardless of network location.",nist-sp-800-207-2020;nist-sp-800-207a-2023,verbatim
cisa-ztmm-v2,PRIMARY-LENS,ZT-Pillar-Data,Data keys (TDE / TEE-bound) governed as NHIs with custodian quorum,UC-F-005;UC-F-008;UC-F-016;UC-F-017;UC-N-007;UC-N-012;UC-N-013;UC-N-018,NHI-018;NHI-023;NHI-024;NHI-025;NHI-034;NHI-035,Pillar-Data,https://csrc.nist.gov/publications/detail/sp/800-207/final,"All data sources and computing services are considered resources.",nist-sp-800-207-2020;nist-sp-1800-38-2024,verbatim
cisa-ztmm-v2,PRIMARY-LENS,ZT-Pillar-Visibility-Analytics,Tamper-evident logging of secret-access events with per-NHI baselining,UC-N-001;UC-N-002;UC-N-011;UC-N-017;UC-N-019;UC-N-020,NHI-001;NHI-007;NHI-008;NHI-010;NHI-013;NHI-019;NHI-026;NHI-030;NHI-031;NHI-035;NHI-037,Pillar-Visibility-Analytics,https://csrc.nist.gov/publications/detail/sp/800-207/final,"The enterprise collects information about asset security posture, network traffic and access requests to improve its security posture.",nist-sp-800-207-2020;nist-sp-1800-35-2025,verbatim
cisa-ztmm-v2,PRIMARY-LENS,ZT-Pillar-Visibility-NHIDR,NHI Detection and Response for anomalous credential use,UC-F-007;UC-N-011;UC-N-019,NHI-007;NHI-019;NHI-026;NHI-030;NHI-037,Pillar-Visibility-Analytics,https://csrc.nist.gov/pubs/sp/1800/35/final,"Continuous, dynamic monitoring of assets detects compromise and informs policy.",nist-sp-1800-35-2025;csa-nhi-taxonomy-2024,verbatim
cisa-ztmm-v2,PRIMARY-LENS,ZT-Pillar-Automation-Orchestration,"Rotation, revocation, and lifecycle orchestration without human transcription",UC-F-006;UC-F-007;UC-F-011;UC-F-020;UC-F-021;UC-F-027,NHI-005;NHI-007;NHI-010;NHI-011;NHI-012;NHI-014;NHI-022;NHI-026;NHI-029;NHI-031;NHI-037,Pillar-Automation-Orchestration,https://csrc.nist.gov/pubs/sp/1800/35/final,"Automation and orchestration allow the enterprise to maintain a consistent security posture as the environment changes.",nist-sp-1800-35-2025,verbatim
cisa-ztmm-v2,PRIMARY-LENS,ZT-Pillar-Governance,"Policy-as-code, exception register, and supply-chain attestation for NHIs",UC-N-004;UC-N-005;UC-N-006;UC-N-007;UC-N-009;UC-N-010;UC-N-014;UC-N-015,NHI-007;NHI-024;NHI-025;NHI-026;NHI-028;NHI-030;NHI-035;NHI-037,Pillar-Governance,https://csrc.nist.gov/publications/detail/sp/800-207/final,"The policy engine ultimately decides; access decisions are logged for analysis.",nist-sp-800-207-2020;nist-sp-1800-35-2025;cisa-ztmm-v2-2023,verbatim
cisa-ztmm-v2,PRIMARY-LENS,ZT-Pillar-Governance-PQC,Crypto-agility and PQC readiness reporting to executive forums,UC-F-016;UC-N-013,NHI-006;NHI-015;NHI-023;NHI-024;NHI-025;NHI-028;NHI-034,Pillar-Governance,https://csrc.nist.gov/publications/detail/sp/1800-38/draft,"Organizations should plan a transition to post-quantum cryptography that maintains crypto-agility.",nist-sp-1800-38-2024;nist-pqc-fips-203-204-205-2024,verbatim
apra-cps-234,BACK-MAP,CPS234-§13,Board accountability for information security,UC-N-004;UC-N-005;UC-N-011;UC-N-015,NHI-001;NHI-019;NHI-024;NHI-026;NHI-035,Paragraph-13,https://www.apra.gov.au/sites/default/files/cps_234_july_2019_for_public_release.pdf,"The Board ... is ultimately responsible for the information security of the entity.",apra-cps-234-2019,verbatim-elided
apra-cps-234,BACK-MAP,CPS234-§14,Clearly defined information-security roles,UC-N-002;UC-N-004;UC-N-009;UC-N-014;UC-N-015,NHI-024;NHI-025;NHI-035;NHI-037,Paragraph-14,https://www.apra.gov.au/sites/default/files/cps_234_july_2019_for_public_release.pdf,"Must clearly define the information security-related roles and responsibilities of the Board, senior management, governing bodies and individuals.",apra-cps-234-2019,verbatim
apra-cps-234,BACK-MAP,CPS234-§15,Information-security capability commensurate with threats,UC-F-004;UC-F-005;UC-F-006;UC-F-007;UC-F-026;UC-N-002;UC-N-003;UC-N-005,NHI-001;NHI-002;NHI-005;NHI-006;NHI-008;NHI-012;NHI-019;NHI-022;NHI-035;NHI-037,Paragraph-15,https://www.apra.gov.au/sites/default/files/cps_234_july_2019_for_public_release.pdf,"Maintain an information security capability commensurate with the size and extent of threats to its information assets.",apra-cps-234-2019,verbatim
apra-cps-234,BACK-MAP,CPS234-§16,Assess third-party information-security capability,UC-N-006;UC-N-007;UC-F-024;UC-F-025,NHI-007;NHI-026;NHI-028;NHI-030;NHI-035,Paragraph-16,https://www.apra.gov.au/sites/default/files/cps_234_july_2019_for_public_release.pdf,"The APRA-regulated entity must assess the information security capability of that party.",apra-cps-234-2019,verbatim
apra-cps-234,BACK-MAP,CPS234-§17,Active capability maintenance through change,UC-F-006;UC-F-027;UC-N-001;UC-N-003;UC-N-008;UC-N-013,NHI-019;NHI-034;NHI-037,Paragraph-17,https://www.apra.gov.au/sites/default/files/cps_234_july_2019_for_public_release.pdf,"Actively maintain its information security capability with respect to changes in vulnerabilities and threats.",apra-cps-234-2019,verbatim
apra-cps-234,BACK-MAP,CPS234-§18,Information-security policy framework,UC-N-005;UC-N-008;UC-N-009;UC-N-015,NHI-008;NHI-019;NHI-029,Paragraph-18,https://www.apra.gov.au/sites/default/files/cps_234_july_2019_for_public_release.pdf,"Must maintain an information security policy framework commensurate with its exposures to vulnerabilities and threats.",apra-cps-234-2019,verbatim
apra-cps-234,BACK-MAP,CPS234-§19,Policy framework — direction on responsibilities,UC-N-008;UC-N-015,NHI-029;NHI-030,Paragraph-19,https://www.apra.gov.au/sites/default/files/cps_234_july_2019_for_public_release.pdf,"Must provide direction on the responsibilities of all parties who have an obligation to maintain information security.",apra-cps-234-2019,verbatim
apra-cps-234,BACK-MAP,CPS234-§20,Asset classification by criticality and sensitivity,UC-F-005;UC-N-002;UC-N-007;UC-N-020,NHI-005;NHI-008;NHI-022;NHI-023;NHI-026,Paragraph-20,https://www.apra.gov.au/sites/default/files/cps_234_july_2019_for_public_release.pdf,"Classify its information assets ... by criticality and sensitivity.",apra-cps-234-2019,verbatim-elided
apra-cps-234,BACK-MAP,CPS234-§21,Implementation of information-security controls (umbrella),UC-F-001;UC-F-003;UC-F-004;UC-F-005;UC-F-006;UC-F-008;UC-F-009;UC-F-010;UC-F-012;UC-F-016;UC-F-018;UC-F-019;UC-F-020;UC-F-021;UC-F-022;UC-F-024;UC-F-028;UC-F-029;UC-F-030,NHI-001;NHI-002;NHI-005;NHI-006;NHI-007;NHI-008;NHI-011;NHI-015;NHI-017;NHI-018;NHI-022;NHI-023;NHI-024;NHI-026;NHI-028;NHI-031;NHI-019,Paragraph-21,https://www.apra.gov.au/sites/default/files/cps_234_july_2019_for_public_release.pdf,"Information security controls to protect its information assets ... implemented in a timely manner.",apra-cps-234-2019,verbatim-elided
apra-cps-234,BACK-MAP,CPS234-§21(a),Controls commensurate with vulnerabilities and threats,UC-F-001;UC-F-002;UC-F-007;UC-F-022;UC-N-011,NHI-007;NHI-008;NHI-026;NHI-037,Paragraph-21a,https://www.apra.gov.au/sites/default/files/cps_234_july_2019_for_public_release.pdf,"Commensurate with: (a) vulnerabilities and threats to the information assets.",apra-cps-234-2019,verbatim
apra-cps-234,BACK-MAP,CPS234-§21(b),Controls commensurate with criticality and sensitivity,UC-F-005;UC-F-017;UC-F-021;UC-N-007;UC-N-018,NHI-018;NHI-022;NHI-023;NHI-026,Paragraph-21b,https://www.apra.gov.au/sites/default/files/cps_234_july_2019_for_public_release.pdf,"Commensurate with: (b) the criticality and sensitivity of the information assets.",apra-cps-234-2019,verbatim
apra-cps-234,BACK-MAP,CPS234-§21(c),Controls commensurate with life-cycle stage,UC-F-006;UC-F-013;UC-F-016;UC-F-019;UC-F-027;UC-N-003,NHI-015;NHI-016;NHI-021;NHI-029;NHI-034;NHI-037,Paragraph-21c,https://www.apra.gov.au/sites/default/files/cps_234_july_2019_for_public_release.pdf,"Commensurate with: (c) the stage at which the information assets are within their life-cycle.",apra-cps-234-2019,verbatim
apra-cps-234,BACK-MAP,CPS234-§21(d),Controls commensurate with incident consequences,UC-F-007;UC-F-021;UC-F-026;UC-N-010;UC-N-011,NHI-019;NHI-024;NHI-026;NHI-035,Paragraph-21d,https://www.apra.gov.au/sites/default/files/cps_234_july_2019_for_public_release.pdf,"Commensurate with: (d) the potential consequences of an information security incident.",apra-cps-234-2019,verbatim
apra-cps-234,BACK-MAP,CPS234-§22,Evaluate design of third-party controls,UC-N-006;UC-N-007;UC-N-014;UC-F-024;UC-F-025,NHI-007;NHI-026;NHI-028;NHI-030;NHI-035,Paragraph-22,https://www.apra.gov.au/sites/default/files/cps_234_july_2019_for_public_release.pdf,"Evaluate the design of that party's information security controls that protects the information assets of the APRA-regulated entity.",apra-cps-234-2019,verbatim
apra-cps-234,BACK-MAP,CPS234-§23,Detect and respond mechanisms,UC-F-001;UC-F-002;UC-F-007;UC-N-001;UC-N-011;UC-N-017;UC-N-019,NHI-007;NHI-008;NHI-010;NHI-019;NHI-030;NHI-037,Paragraph-23,https://www.apra.gov.au/sites/default/files/cps_234_july_2019_for_public_release.pdf,"Robust mechanisms in place to detect and respond to information security incidents in a timely manner.",apra-cps-234-2019,verbatim
apra-cps-234,BACK-MAP,CPS234-§24,Incident response plans for plausible incidents,UC-F-007;UC-N-010;UC-N-011,NHI-024;NHI-035;NHI-037,Paragraph-24,https://www.apra.gov.au/sites/default/files/cps_234_july_2019_for_public_release.pdf,"Must maintain plans to respond to information security incidents that the entity considers could plausibly occur.",apra-cps-234-2019,verbatim
apra-cps-234,BACK-MAP,CPS234-§26,Annual review and test of response plans,UC-N-010;UC-N-011;UC-F-007,NHI-024;NHI-025;NHI-035,Paragraph-26,https://www.apra.gov.au/sites/default/files/cps_234_july_2019_for_public_release.pdf,"Annually review and test its information security response plans to ensure they remain effective and fit-for-purpose.",apra-cps-234-2019,verbatim
apra-cps-234,BACK-MAP,CPS234-§27,Systematic testing of control effectiveness,UC-N-003;UC-N-005;UC-N-010;UC-F-006;UC-F-021;UC-F-026,NHI-001;NHI-006;NHI-012;NHI-022;NHI-024;NHI-026;NHI-035,Paragraph-27,https://www.apra.gov.au/sites/default/files/cps_234_july_2019_for_public_release.pdf,"Test the effectiveness of its information security controls through a systematic testing program.",apra-cps-234-2019,verbatim
apra-cps-234,BACK-MAP,CPS234-§27(d),Testing commensurate with untrusted-environment exposure,UC-F-018;UC-F-019;UC-F-024;UC-N-007;UC-N-016,NHI-019;NHI-021;NHI-028;NHI-033,Paragraph-27d,https://www.apra.gov.au/sites/default/files/cps_234_july_2019_for_public_release.pdf,"Risks associated with exposure to environments where the APRA-regulated entity is unable to enforce its information security policies.",apra-cps-234-2019,verbatim
apra-cps-234,BACK-MAP,CPS234-§28,Assess sufficiency of third-party control testing,UC-N-006;UC-N-007;UC-N-014,NHI-007;NHI-028;NHI-030;NHI-035,Paragraph-28,https://www.apra.gov.au/sites/default/files/cps_234_july_2019_for_public_release.pdf,"Assess whether the nature and frequency of testing of controls ... is commensurate with paragraphs 27(a) to 27(e).",apra-cps-234-2019,verbatim-elided
apra-cps-234,BACK-MAP,CPS234-§30,Independent specialist testers,UC-N-009;UC-N-010;UC-N-014,NHI-024;NHI-025;NHI-035,Paragraph-30,https://www.apra.gov.au/sites/default/files/cps_234_july_2019_for_public_release.pdf,"Testing is conducted by appropriately skilled and functionally independent specialists.",apra-cps-234-2019,verbatim
apra-cps-234,BACK-MAP,CPS234-§32,Internal audit review of control effectiveness,UC-N-004;UC-N-009;UC-N-014;UC-N-020,NHI-022;NHI-026;NHI-035,Paragraph-32,https://www.apra.gov.au/sites/default/files/cps_234_july_2019_for_public_release.pdf,"Internal audit activities must include a review of the design and operating effectiveness of information security controls.",apra-cps-234-2019,verbatim
apra-cps-234,BACK-MAP,CPS234-§34,Internal audit assessment of third-party assurance,UC-N-006;UC-N-007;UC-N-014,NHI-007;NHI-028;NHI-030;NHI-035,Paragraph-34,https://www.apra.gov.au/sites/default/files/cps_234_july_2019_for_public_release.pdf,"Internal audit function must assess the information security control assurance provided by a related party or third party.",apra-cps-234-2019,verbatim
apra-cps-234,BACK-MAP,CPS234-§35,72-hour APRA notification of material incident,UC-F-007;UC-N-001;UC-N-011;UC-N-019,NHI-001;NHI-007;NHI-008;NHI-019;NHI-026;NHI-035;NHI-037,Paragraph-35,https://www.apra.gov.au/sites/default/files/cps_234_july_2019_for_public_release.pdf,"Notify APRA ... no later than 72 hours, after becoming aware of an information security incident that ... materially affected ... the entity.",apra-cps-234-2019,verbatim-elided
apra-cps-234,BACK-MAP,CPS234-§36,10-business-day notification of material control weakness,UC-N-009;UC-N-011;UC-N-020,NHI-012;NHI-022;NHI-029;NHI-037,Paragraph-36,https://www.apra.gov.au/sites/default/files/cps_234_july_2019_for_public_release.pdf,"Notify APRA ... no later than 10 business days, after it becomes aware of a material information security control weakness.",apra-cps-234-2019,verbatim-elided
apra-cps-230,BACK-MAP,CPS230-§15,Service-provider prudential dependency gate,UC-N-006;UC-N-007;UC-N-014,NHI-007;NHI-026;NHI-035,Paragraph-15,https://www.apra.gov.au/sites/default/files/2023-07/Prudential%20Standard%20CPS%20230%20Operational%20Risk%20Management.pdf,"Must not rely on a service provider unless it can ensure that ... it can continue to meet its prudential obligations in full.",apra-cps-230-2025,verbatim-elided
apra-cps-230,BACK-MAP,CPS230-§25,Sound IT capability + CPS 234 cross-reference,UC-N-005;UC-N-013;UC-N-014;UC-F-026,NHI-022;NHI-034;NHI-035,Paragraph-25,https://www.apra.gov.au/sites/default/files/2023-07/Prudential%20Standard%20CPS%20230%20Operational%20Risk%20Management.pdf,"Monitor the age and health of its information assets and meet the requirements for information security in Prudential Standard CPS 234.",apra-cps-230-2025,verbatim
apra-cps-230,BACK-MAP,CPS230-§42,24-hour BCP-breach notification (vault/PKI outage),UC-F-026;UC-N-007;UC-N-011,NHI-023;NHI-024;NHI-025;NHI-035,Paragraph-42,https://www.apra.gov.au/sites/default/files/2023-07/Prudential%20Standard%20CPS%20230%20Operational%20Risk%20Management.pdf,"Notify APRA ... not later than 24 hours after, if it has suffered a disruption to a critical operation outside tolerance.",apra-cps-230-2025,verbatim-elided
apra-cps-230,BACK-MAP,CPS230-§47,Comprehensive service-provider management policy,UC-N-006;UC-N-007;UC-N-014;UC-F-025,NHI-007;NHI-026;NHI-030;NHI-035,Paragraph-47,https://www.apra.gov.au/sites/default/files/2023-07/Prudential%20Standard%20CPS%20230%20Operational%20Risk%20Management.pdf,"Must maintain a comprehensive service provider management policy.",apra-cps-230-2025,verbatim
apra-cps-230,BACK-MAP,CPS230-§54,Formal legally-binding agreement for material arrangements,UC-N-006;UC-N-007;UC-N-014,NHI-007;NHI-026;NHI-030;NHI-035,Paragraph-54,https://www.apra.gov.au/sites/default/files/2023-07/Prudential%20Standard%20CPS%20230%20Operational%20Risk%20Management.pdf,"For all material arrangements ... must maintain a formal legally binding agreement.",apra-cps-230-2025,verbatim-elided
apra-cps-230,BACK-MAP,CPS230-§59(b),Material-offshoring pre-notification to APRA,UC-N-006;UC-N-007;UC-N-014,NHI-007;NHI-030;NHI-035,Paragraph-59b,https://www.apra.gov.au/sites/default/files/2023-07/Prudential%20Standard%20CPS%20230%20Operational%20Risk%20Management.pdf,"Prior to entering into any material offshoring arrangement ... where data or personnel ... will be located offshore.",apra-cps-230-2025,verbatim-elided
apra-cpg-234,BACK-MAP,CPG234-Att-C,Identity and access management practice guidance,UC-F-006;UC-F-013;UC-F-020;UC-N-002,NHI-006;NHI-012;NHI-022;NHI-029,Paragraph-Att-C,https://www.apra.gov.au/prudential-practice-guide-cpg-234-information-security,"Robust identification and authentication ... access control over information assets.",apra-cpg-234-2019,verbatim-elided
apra-cpg-234,BACK-MAP,CPG234-Att-E,Cryptographic techniques practice guidance,UC-F-016;UC-F-020;UC-N-010;UC-N-013,NHI-023;NHI-024;NHI-025;NHI-034,Paragraph-Att-E,https://www.apra.gov.au/prudential-practice-guide-cpg-234-information-security,"Cryptographic techniques and key management covering generation, storage, distribution, change and destruction.",apra-cpg-234-2019,verbatim
apra-cpg-234,BACK-MAP,CPG234-Att-D,Software security practice guidance,UC-F-001;UC-F-002;UC-F-010;UC-N-008;UC-N-015,NHI-001;NHI-003;NHI-008;NHI-009,Paragraph-Att-D,https://www.apra.gov.au/prudential-practice-guide-cpg-234-information-security,"Software security practices across the software development life cycle, including secure design, development and testing.",apra-cpg-234-2019,verbatim
asd-ism,BACK-MAP,ISM-0471,Using ASD Approved Cryptographic Algorithms,UC-F-016;UC-F-017;UC-N-013;UC-N-018,NHI-018;NHI-023;NHI-024;NHI-034,N/A,https://www.cyber.gov.au/resources-business-and-government/essential-cybersecurity/ism/cyber-security-guidelines/guidelines-cryptography,"Only AACAs or high assurance cryptographic algorithms are used by cryptographic equipment and software",asd-ism-2024;asd-ism-cryptography-2025,verbatim
asd-ism,BACK-MAP,ISM-0507,Cryptographic key management processes and procedures,UC-F-005;UC-F-016;UC-F-017;UC-F-026;UC-N-007;UC-N-010;UC-N-013,NHI-023;NHI-024;NHI-025;NHI-034;NHI-035,N/A,https://www.cyber.gov.au/resources-business-and-government/essential-cybersecurity/ism/cyber-security-guidelines/guidelines-cryptography,"Cryptographic key management processes, and supporting cryptographic key management procedures, are developed, implemented and maintained",asd-ism-2024;asd-ism-cryptography-2025,verbatim
asd-ism,BACK-MAP,ISM-1324,Issuing certificates — generated via evaluated CA or HSM,UC-F-016;UC-F-020;UC-F-026;UC-N-012;UC-N-013,NHI-015;NHI-023;NHI-024;NHI-025;NHI-034,N/A,https://www.cyber.gov.au/resources-business-and-government/essential-cybersecurity/ism/cyber-security-guidelines/guidelines-cryptography,"Certificates are generated using an evaluated certificate authority or hardware security module",asd-ism-2024;asd-ism-cryptography-2025,verbatim
asd-ism,BACK-MAP,ISM-0481,Using ASD Approved Cryptographic Protocols,UC-F-004;UC-F-005;UC-F-008;UC-F-026,NHI-006;NHI-023;NHI-024;NHI-035,N/A,https://www.cyber.gov.au/resources-business-and-government/essential-cybersecurity/ism/cyber-security-guidelines/guidelines-cryptography,"Only AACPs or high assurance cryptographic protocols are used by cryptographic equipment and software",asd-ism-2024;asd-ism-cryptography-2025,verbatim
asd-ism,BACK-MAP,ISM-0457,Encrypting data at rest,UC-F-005;UC-F-016;UC-F-017;UC-F-024;UC-F-026;UC-N-007;UC-N-010;UC-N-013,NHI-023;NHI-024;NHI-025;NHI-028;NHI-035,N/A,https://www.cyber.gov.au/resources-business-and-government/essential-cybersecurity/ism/cyber-security-guidelines/guidelines-cryptography,"Cryptographic equipment or software that has completed a Common Criteria evaluation against a Protection Profile is used when encrypting media that contains OFFICIAL:…",asd-ism-2024;asd-ism-cryptography-2025,verbatim-elided
asd-ism,BACK-MAP,ISM-0469,Encrypting data in transit,UC-F-004;UC-F-008;UC-F-012;UC-F-014;UC-F-022;UC-F-024,NHI-006;NHI-011;NHI-013;NHI-028;NHI-031,N/A,https://www.cyber.gov.au/resources-business-and-government/essential-cybersecurity/ism/cyber-security-guidelines/guidelines-cryptography,"An ASD-Approved Cryptographic Protocol (AACP) or high assurance cryptographic protocol is used to protect data when communicated over network infrastructure",asd-ism-2024;asd-ism-cryptography-2025,verbatim
asd-ism,BACK-MAP,ISM-1139,Configuring Transport Layer Security,UC-F-004;UC-F-008;UC-F-014;UC-F-024;UC-N-013,NHI-006;NHI-013;NHI-028;NHI-034,N/A,https://www.cyber.gov.au/resources-business-and-government/essential-cybersecurity/ism/cyber-security-guidelines/guidelines-cryptography,"Only the latest version of TLS is used for TLS connections",asd-ism-2024;asd-ism-cryptography-2025,verbatim
asd-ism,BACK-MAP,ISM-1323,Issuing unique certificates for authentication,UC-F-004;UC-F-014;UC-F-019;UC-F-024;UC-N-013,NHI-006;NHI-013;NHI-021;NHI-025;NHI-028;NHI-034,N/A,https://www.cyber.gov.au/resources-business-and-government/essential-cybersecurity/ism/cyber-security-guidelines/guidelines-cryptography,"Certificates are required for devices and users accessing wireless networks",asd-ism-2024;asd-ism-cryptography-2025,verbatim
asd-ism,BACK-MAP,ISM-1917,Transitioning to post-quantum cryptography,UC-F-016;UC-N-013,NHI-023;NHI-024;NHI-025;NHI-028;NHI-034,N/A,https://www.cyber.gov.au/resources-business-and-government/essential-cybersecurity/ism/cyber-security-guidelines/guidelines-cryptography,"The development and procurement of new cryptographic equipment and software ensures support for the use of ML-DSA-87, ML-KEM-1024, SHA-384, SHA-512 and AES-256 by no later…",asd-pqc-guidance-2024;asd-ism-cryptography-2025,verbatim-elided
asd-ism,BACK-MAP,ISM-1173,Multi-factor authentication — privileged users,UC-F-001;UC-F-005;UC-F-015;UC-F-021;UC-N-010,NHI-005;NHI-012;NHI-014;NHI-024;NHI-026;NHI-029,N/A,https://www.cyber.gov.au/resources-business-and-government/essential-cybersecurity/ism/cyber-security-guidelines/guidelines-system-hardening,"Multi-factor authentication is used to authenticate all privileged users and any other positions of trust",asd-ism-2024;asd-ism-ia-2025,verbatim
asd-ism,BACK-MAP,ISM-1619,Setting/resetting credentials for service accounts (gMSA),UC-F-001;UC-F-003;UC-F-004;UC-F-005;UC-F-006;UC-F-008;UC-F-009;UC-F-010;UC-F-012;UC-F-013;UC-F-015;UC-F-018;UC-F-020;UC-F-024;UC-F-025;UC-N-002;UC-N-019;UC-F-028;UC-F-029,NHI-001;NHI-002;NHI-003;NHI-005;NHI-006;NHI-007;NHI-009;NHI-012;NHI-019;NHI-022;NHI-028;NHI-029;NHI-035,N/A,https://www.cyber.gov.au/resources-business-and-government/essential-cybersecurity/ism/cyber-security-guidelines/guidelines-system-hardening,"Service accounts are created as group Managed Service Accounts",acsc-e8-ism-mapping-2023;asd-ism-ia-2025,verbatim
asd-ism,BACK-MAP,ISM-1504,Multi-factor authentication — online services,UC-F-001;UC-F-003;UC-F-015;UC-N-008,NHI-003;NHI-008;NHI-029,N/A,https://www.cyber.gov.au/resources-business-and-government/essential-cybersecurity/ism/cyber-security-guidelines/guidelines-system-hardening,"Multi-factor authentication is used to authenticate users to their organisation's online services that process, store or communicate their organisation's sensitive data",asd-ism-2024;asd-ism-ia-2025,verbatim
asd-ism,BACK-MAP,ISM-1401,Multi-factor authentication — approved factor types,UC-F-007;UC-F-015;UC-N-010,NHI-014;NHI-024;NHI-025;NHI-029,N/A,https://www.cyber.gov.au/resources-business-and-government/essential-cybersecurity/ism/cyber-security-guidelines/guidelines-system-hardening,"Multi-factor authentication uses at least two of the following authentication factors: passwords, Universal 2nd Factor security keys, physical one-time password tokens,…",asd-ism-2024;asd-ism-ia-2025,verbatim-elided
asd-ism,BACK-MAP,ISM-1795,Credential length (>=30 chars) for service / break-glass / admin accounts,UC-F-006;UC-F-013;UC-F-020;UC-F-023;UC-N-003,NHI-005;NHI-007;NHI-012;NHI-022;NHI-029;NHI-032;NHI-033,N/A,https://www.cyber.gov.au/resources-business-and-government/essential-cybersecurity/ism/cyber-security-guidelines/guidelines-system-hardening,"Credentials for built-in Administrator accounts, break glass accounts, local administrator accounts and service accounts are a minimum of 30 characters",acsc-e8-ism-mapping-2023;asd-ism-ia-2025,verbatim
asd-ism,BACK-MAP,ISM-1611,Emergency (break-glass) access — restricted use,UC-F-007;UC-F-026;UC-N-010;UC-N-011,NHI-024;NHI-025;NHI-026;NHI-035,N/A,https://www.cyber.gov.au/resources-business-and-government/essential-cybersecurity/ism/cyber-security-guidelines/guidelines-system-hardening,"Break glass accounts are only used when normal authentication processes cannot be used",asd-ism-2024;asd-ism-ia-2025,verbatim
asd-ism,BACK-MAP,ISM-1613,Emergency (break-glass) access — centralised logging,UC-F-007;UC-F-027;UC-N-002;UC-N-011;UC-N-019,NHI-001;NHI-012;NHI-022;NHI-024;NHI-025;NHI-035;NHI-037,N/A,https://www.cyber.gov.au/resources-business-and-government/essential-cybersecurity/ism/cyber-security-guidelines/guidelines-system-hardening,"Use of break glass accounts is centrally logged",acsc-e8-ism-mapping-2023;asd-ism-ia-2025,verbatim
asd-ism,BACK-MAP,ISM-1690,When to patch vulnerabilities,UC-F-002;UC-N-001,NHI-008;NHI-010;NHI-037,N/A,https://www.cyber.gov.au/resources-business-and-government/essential-cybersecurity/ism/cyber-security-guidelines/guidelines-system-hardening,"Patches, updates or other vendor mitigations for vulnerabilities in online services are applied within two weeks of release when vulnerabilities are assessed as non-critical…",asd-ism-2024;asd-ism-system-hardening-2025,verbatim-elided
asd-ism,BACK-MAP,ISM-1656,Application control,UC-F-008;UC-F-009;UC-F-016,NHI-002;NHI-004;NHI-015;NHI-016,N/A,https://www.cyber.gov.au/resources-business-and-government/essential-cybersecurity/ism/cyber-security-guidelines/guidelines-system-hardening,"Application control is implemented on non-internet-facing servers.",asd-ism-2024;asd-ism-system-hardening-2025,verbatim
asd-ism,BACK-MAP,ISM-1247,Hardening server application configurations,UC-F-008;UC-F-019;UC-F-023,NHI-002;NHI-021;NHI-032;NHI-033,N/A,https://www.cyber.gov.au/resources-business-and-government/essential-cybersecurity/ism/cyber-security-guidelines/guidelines-system-hardening,"Unneeded user accounts, components, services and functionality of server applications are disabled or removed",asd-ism-2024;asd-ism-system-hardening-2025,verbatim
asd-ism,BACK-MAP,ISM-0401,Secure software development — practices,UC-F-001;UC-F-002;UC-N-008;UC-N-015,NHI-003;NHI-008,N/A,https://www.cyber.gov.au/resources-business-and-government/essential-cybersecurity/ism/cyber-security-guidelines/guidelines-software-development,"Secure by Design and Secure by Default principles and practices, including secure programming practices and either memory-safe programming languages or less preferably…",asd-ism-2024;asd-ism-software-dev-2025,verbatim-elided
asd-ism,BACK-MAP,ISM-1796,Secure software development — code signing,UC-F-001;UC-F-002;UC-F-010;UC-N-001;UC-N-008;UC-N-015,NHI-001;NHI-003;NHI-005;NHI-007;NHI-008;NHI-009;NHI-010;NHI-037,N/A,https://www.cyber.gov.au/resources-business-and-government/essential-cybersecurity/ism/cyber-security-guidelines/guidelines-software-development,"Files containing executable content are digitally signed by a certificate with a verifiable chain of trust as part of software development",asd-ism-2024;asd-ism-software-dev-2025,verbatim
asd-ism,BACK-MAP,ISM-1730,Software bill of materials,UC-F-016;UC-N-012,NHI-015;NHI-016;NHI-020;NHI-024;NHI-034,N/A,https://www.cyber.gov.au/resources-business-and-government/essential-cybersecurity/ism/cyber-security-guidelines/guidelines-software-development,"A software bill of materials is produced and made available to consumers of software",asd-ism-2024;asd-ism-software-dev-2025,verbatim
asd-ism,BACK-MAP,ISM-1256,Protecting databases,UC-F-005;UC-F-006,NHI-005;NHI-023,N/A,https://www.cyber.gov.au/resources-business-and-government/essential-cybersecurity/ism/cyber-security-guidelines/guidelines-database-systems,"File-based access controls are applied to database files.",asd-ism-2024;asd-ism-database-2025,verbatim
asd-ism,BACK-MAP,ISM-1275,Software interaction with databases,UC-F-005;UC-F-006;UC-N-003,NHI-005;NHI-023,N/A,https://www.cyber.gov.au/resources-business-and-government/essential-cybersecurity/ism/cyber-security-guidelines/guidelines-database-systems,"All queries to databases from software are filtered for legitimate content and correct syntax",asd-ism-2024;asd-ism-database-2025,verbatim
asd-ism,BACK-MAP,ISM-1181,Network segmentation and segregation,UC-F-008;UC-F-012;UC-F-014;UC-F-022;UC-F-023,NHI-002;NHI-011;NHI-013;NHI-031;NHI-032,N/A,https://www.cyber.gov.au/resources-business-and-government/essential-cybersecurity/ism/cyber-security-guidelines/guidelines-networking,"Networks are segregated into multiple network zones according to the criticality of servers, services and data",asd-ism-2024;asd-ism-network-2025,verbatim
asd-ism,BACK-MAP,ISM-1211,System administration processes and procedures,UC-F-023;UC-N-016,NHI-032;NHI-033,N/A,https://www.cyber.gov.au/resources-business-and-government/essential-cybersecurity/ism/cyber-security-guidelines/guidelines-networking,"System administrators perform system administration activities in accordance with the system's change and configuration management plan",asd-ism-2024;asd-ism-network-2025,verbatim
asd-ism,BACK-MAP,ISM-1437,Cloud-based hosting of online services,UC-F-003;UC-F-007;UC-F-026;UC-N-010,NHI-001;NHI-024;NHI-035,N/A,https://www.cyber.gov.au/resources-business-and-government/essential-cybersecurity/ism/cyber-security-guidelines/guidelines-cloud-computing,"Cloud service providers are used for hosting online services",asd-ism-2024;asd-ism-cloud-2025,verbatim
asd-ism,BACK-MAP,ISM-1192,Implementing gateways,UC-F-014;UC-F-022;UC-F-024,NHI-006;NHI-013;NHI-028;NHI-031,N/A,https://www.cyber.gov.au/resources-business-and-government/essential-cybersecurity/ism/cyber-security-guidelines/guidelines-gateways,"Gateways inspect and filter data flows at the transport and above network layers",asd-ism-2024;asd-ism-gateways-2025,verbatim
asd-ism,BACK-MAP,ISM-0421,Single-factor authentication (where MFA not feasible),UC-F-022;UC-N-006,NHI-007;NHI-013;NHI-031,N/A,https://www.cyber.gov.au/resources-business-and-government/essential-cybersecurity/ism/cyber-security-guidelines/guidelines-communications-infrastructure,"Passphrases used for single-factor authentication on non-classified, OFFICIAL: Sensitive and PROTECTED systems are at least 4 random words with a total minimum length of 15…",asd-ism-2024;asd-ism-comms-2025,verbatim-elided
asd-ism,BACK-MAP,ISM-1304,Default user accounts and credentials for network/OT devices,UC-F-019;UC-N-016,NHI-021;NHI-033,N/A,https://www.cyber.gov.au/resources-business-and-government/essential-cybersecurity/ism/cyber-security-guidelines/guidelines-communications-infrastructure,"Default user accounts or credentials for network devices, including for any pre-configured user accounts, are changed, disabled or removed",asd-ism-2024;asd-ism-comms-2025,verbatim
asd-ism,BACK-MAP,ISM-1405,Centralised event logging facility,UC-F-011;UC-F-018;UC-N-001;UC-N-011;UC-N-017;UC-N-019;UC-F-029,NHI-010;NHI-011;NHI-019;NHI-035,N/A,https://www.cyber.gov.au/resources-business-and-government/essential-cybersecurity/ism/cyber-security-guidelines/guidelines-cyber-security-incidents,"A centralised event logging facility is implemented",asd-ism-2024;asd-ism-incidents-2025,verbatim
asd-ism,BACK-MAP,ISM-0043,Cybersecurity incident response plan,UC-F-007;UC-N-004;UC-N-011,NHI-001;NHI-035;NHI-037,N/A,https://www.cyber.gov.au/resources-business-and-government/essential-cybersecurity/ism/cyber-security-guidelines/guidelines-cyber-security-incidents,"Systems have a cybersecurity incident response plan that covers the following:",asd-ism-2024;asd-ism-incidents-2025,verbatim
asd-ism,BACK-MAP,ISM-0140,Reporting cybersecurity incidents to ASD,UC-N-004;UC-N-011,NHI-019;NHI-026;NHI-037,N/A,https://www.cyber.gov.au/resources-business-and-government/essential-cybersecurity/ism/cyber-security-guidelines/guidelines-cyber-security-incidents,"Cybersecurity incidents are reported to ASD as soon as possible after they occur or are discovered",asd-ism-2024;asd-ism-incidents-2025,verbatim
asd-ism,BACK-MAP,ISM-1404,Unprivileged inactive-account disablement at 45 days,UC-F-027,NHI-037;NHI-001;NHI-012;NHI-029,N/A,https://www.cyber.gov.au/resources-business-and-government/essential-cybersecurity/ism/cyber-security-guidelines/guidelines-cyber-security-incidents,"Unprivileged access to systems and applications is disabled after 45 days of inactivity",asd-ism-2024;asd-ism-incidents-2025,verbatim
asd-ism,BACK-MAP,ISM-0252,Providing cybersecurity awareness training,UC-N-008;UC-N-015,NHI-003;NHI-008;NHI-019,N/A,https://www.cyber.gov.au/resources-business-and-government/essential-cybersecurity/ism/cyber-security-guidelines/guidelines-personnel-security,"Cybersecurity awareness training is undertaken annually by all personnel and covers:",asd-ism-2024;asd-ism-personnel-2025,verbatim
asd-ism,BACK-MAP,ISM-0027,Authorisation to operate / risk acceptance,UC-N-009,NHI-012;NHI-014;NHI-022;NHI-029;NHI-033;NHI-037,N/A,https://www.cyber.gov.au/resources-business-and-government/essential-cybersecurity/ism/cyber-security-guidelines/guidelines-cyber-security-governance,"System owners obtain authorisation to operate each non-classified, OFFICIAL: Sensitive, PROTECTED and SECRET system from its authorising officer based on the acceptance of…",asd-ism-2024;asd-ism-governance-2025,verbatim-elided
asd-ism,BACK-MAP,ISM-1570,Assessment of outsourced cloud service providers (IRAP),UC-N-006;UC-N-007,NHI-007;NHI-018;NHI-023;NHI-024;NHI-030;NHI-035,N/A,https://www.cyber.gov.au/resources-business-and-government/essential-cybersecurity/ism/cyber-security-guidelines/guidelines-cyber-security-governance,"Outsourced cloud service providers and their non-classified, OFFICIAL: Sensitive, PROTECTED and SECRET cloud services undergo an IRAP assessment, using the latest release of…",asd-ism-2024;asd-ism-governance-2025,verbatim-elided
asd-ism,BACK-MAP,ISM-0039,Cybersecurity strategy,UC-N-004;UC-N-005;UC-N-009;UC-N-015,MISSING-NHI,N/A,https://www.cyber.gov.au/resources-business-and-government/essential-cybersecurity/ism/cyber-security-guidelines/guidelines-cyber-security-governance,"A cybersecurity strategy is developed, implemented and maintained",asd-ism-2024;asd-ism-governance-2025,verbatim
asd-ism,BACK-MAP,ISM-0363,Media destruction processes and procedures (secure decommissioning),UC-F-027;UC-N-002,NHI-021;NHI-024;NHI-026;NHI-037,N/A,https://www.cyber.gov.au/resources-business-and-government/essential-cybersecurity/ism/cyber-security-guidelines/guidelines-cryptography,"Media destruction processes, and supporting media destruction procedures, are developed, implemented and maintained",asd-ism-2024;asd-ism-cryptography-2025,verbatim
asd-ism,BACK-MAP,ISM-1452,Cyber supply chain risk management activities,UC-N-006;UC-N-007;UC-N-014,NHI-007;NHI-030;NHI-035,N/A,https://www.cyber.gov.au/resources-business-and-government/essential-cybersecurity/ism/cyber-security-guidelines/guidelines-cyber-security-governance,"A supply chain risk assessment is performed for suppliers of applications, IT equipment, OT equipment and services in order to assess the impact to a system's security risk…",asd-ism-2024;asd-ism-governance-2025,verbatim-elided
asd-ism,BACK-MAP,ISM-1707,Backup modification and deletion (immutability),UC-F-021;UC-N-016,NHI-024;NHI-026,N/A,https://www.cyber.gov.au/resources-business-and-government/essential-cybersecurity/ism/cyber-security-guidelines/guidelines-system-hardening,"Privileged user accounts (excluding backup administrator accounts) are prevented from modifying and deleting backups",acsc-e8-ism-mapping-2023;asd-ism-2024,verbatim
mitre-attack,ADVERSARY-LENS,T1552.001,Credentials in Files,UC-F-001;UC-F-002;UC-F-005;UC-F-006;UC-F-010;UC-N-001;UC-N-002,NHI-001;NHI-003;NHI-005;NHI-007;NHI-008;NHI-009;NHI-012;NHI-029;NHI-037,MATURITY-3,https://attack.mitre.org/techniques/T1552/001/,"Adversaries may search local file systems and remote file shares for files containing insecurely stored credentials.",mitre-attack-t1552-2024;mitre-attack-t1552-001,verbatim
mitre-attack,ADVERSARY-LENS,T1552.002,Credentials in Registry,UC-F-006;UC-F-013;UC-F-015;UC-F-027;UC-N-002,NHI-012;NHI-022;NHI-029;NHI-033;NHI-037,MATURITY-3,https://attack.mitre.org/techniques/T1552/002/,"Adversaries may search the Registry on compromised systems for insecurely stored credentials.",mitre-attack-t1552-2024;mitre-attack-t1552-002,verbatim
mitre-attack,ADVERSARY-LENS,T1552.003,Shell History,UC-F-001;UC-F-005;UC-F-006;UC-N-008;UC-N-017,NHI-005;NHI-008;NHI-009;NHI-029,MATURITY-2,https://attack.mitre.org/techniques/T1552/003/,"Adversaries may search the bash command history on compromised systems for insecurely stored credentials.",mitre-attack-t1552-2024;mitre-attack-t1552-003,verbatim
mitre-attack,ADVERSARY-LENS,T1552.004,Private Keys,UC-F-004;UC-F-006;UC-F-016;UC-F-017;UC-F-026;UC-N-010;UC-N-013,NHI-006;NHI-008;NHI-015;NHI-016;NHI-024;NHI-025;NHI-034,MATURITY-4,https://attack.mitre.org/techniques/T1552/004/,"Adversaries may search for private key certificate files on compromised systems for insecurely stored credentials.",mitre-attack-t1552-2024;mitre-attack-t1552-004,verbatim
mitre-attack,ADVERSARY-LENS,T1552.005,Cloud Instance Metadata API,UC-F-003;UC-F-004;UC-F-008;UC-F-009;UC-F-017;UC-N-002,NHI-001;NHI-002;NHI-003;NHI-004;NHI-006,MATURITY-3,https://attack.mitre.org/techniques/T1552/005/,"Adversaries may attempt to access the Cloud Instance Metadata API to collect credentials and other sensitive data.",mitre-attack-t1552-2024;mitre-attack-t1552-005,verbatim
mitre-attack,ADVERSARY-LENS,T1552.006,Group Policy Preferences,UC-F-006;UC-F-013;UC-F-027;UC-N-002,NHI-012;NHI-029;NHI-037,MATURITY-2,https://attack.mitre.org/techniques/T1552/006/,"Adversaries may attempt to find unsecured credentials in Group Policy Preferences (GPP).",mitre-attack-t1552-2024;mitre-attack-t1552-006,verbatim
mitre-attack,ADVERSARY-LENS,T1552.007,Container API,UC-F-004;UC-F-008;UC-F-009;UC-F-017;UC-N-002,NHI-002;NHI-003;NHI-004;NHI-017;NHI-036,MATURITY-3,https://attack.mitre.org/techniques/T1552/007/,"Adversaries may gather credentials via APIs within a containers environment.",mitre-attack-t1552-2024;mitre-attack-t1552-007,verbatim
mitre-attack,ADVERSARY-LENS,T1552.008,Chat Messages,UC-F-001;UC-F-007;UC-F-025;UC-N-008;UC-N-017,NHI-007;NHI-008;NHI-029;NHI-030,MATURITY-2,https://attack.mitre.org/techniques/T1552/008/,"Adversaries may directly collect unsecured credentials stored or passed through user communication services.",mitre-attack-t1552-2024;mitre-attack-t1552-008,verbatim
mitre-attack,ADVERSARY-LENS,T1528,Steal Application Access Token,UC-F-007;UC-F-018;UC-F-022;UC-F-024;UC-F-025;UC-N-006;UC-F-028;UC-F-029,NHI-007;NHI-019;NHI-027;NHI-028;NHI-030,MATURITY-3,https://attack.mitre.org/techniques/T1528/,"Adversaries can steal application access tokens as a means of acquiring credentials to access remote systems and resources.",mitre-attack-t1528,verbatim
mitre-attack,ADVERSARY-LENS,T1078.004,Cloud Accounts,UC-F-003;UC-F-005;UC-F-006;UC-F-007;UC-N-002;UC-N-011,NHI-001;NHI-005;NHI-007;NHI-029;NHI-037,MATURITY-3,https://attack.mitre.org/techniques/T1078/004/,"Valid accounts in cloud environments may allow adversaries to perform actions to achieve initial access maintain access and escalate privileges.",mitre-attack-t1078-004,verbatim
mitre-attack,ADVERSARY-LENS,T1606.002,SAML Tokens,UC-F-004;UC-F-006;UC-F-007;UC-F-014;UC-F-024;UC-F-026,NHI-006;NHI-007;NHI-013;NHI-024;NHI-027,MATURITY-4,https://attack.mitre.org/techniques/T1606/002/,"Adversaries may forge SAML tokens with any permissions claims and lifetimes if they possess a valid SAML token-signing certificate.",mitre-attack-t1606-002,verbatim
mitre-attack,ADVERSARY-LENS,T1098.001,Additional Cloud Credentials,UC-F-006;UC-F-007;UC-F-027;UC-N-002;UC-N-009;UC-N-011,NHI-001;NHI-007;NHI-008;NHI-012;NHI-027;NHI-028,MATURITY-3,https://attack.mitre.org/techniques/T1098/001/,"Adversaries may add adversary-controlled credentials to a cloud account to maintain persistent access.",mitre-attack-t1098-001,verbatim
mitre-attack,ADVERSARY-LENS,T1199,Trusted Relationship,UC-F-016;UC-F-022;UC-F-024;UC-F-025;UC-N-006;UC-N-012;UC-N-014,NHI-007;NHI-008;NHI-015;NHI-016;NHI-019;NHI-028;NHI-030,MATURITY-3,https://attack.mitre.org/techniques/T1199/,"Adversaries may breach or otherwise leverage organizations who have access to intended victims.",mitre-attack-t1199,verbatim
mitre-attack,ADVERSARY-LENS,T1539,Steal Web Session Cookie,UC-F-007;UC-F-025;UC-N-008;UC-N-017,NHI-007;NHI-008;NHI-027;NHI-030,MATURITY-2,https://attack.mitre.org/techniques/T1539/,"An adversary may steal web application or service session cookies and use them to gain access to web applications.",mitre-attack-t1539,verbatim
mitre-attack,ADVERSARY-LENS,T1556.006,MFA-related bypass,UC-F-007;UC-F-013;UC-F-025;UC-N-002;UC-N-009,NHI-007;NHI-029;NHI-030,MATURITY-3,https://attack.mitre.org/techniques/T1556/006/,"Adversaries may disable or modify multi-factor authentication mechanisms.",mitre-attack-t1556-006,verbatim
mitre-attack,ADVERSARY-LENS,T1566,Phishing,UC-F-007;UC-F-013;UC-N-008;UC-N-009,NHI-007;NHI-008;NHI-029;NHI-030,MATURITY-2,https://attack.mitre.org/techniques/T1566/,"Adversaries may send phishing messages to gain access to victim systems.",mitre-attack-t1566,verbatim
mitre-attack,ADVERSARY-LENS,BREACH-okta-2023-10,Okta Customer Support breach,UC-F-001;UC-F-006;UC-F-025;UC-F-027;UC-N-002;UC-N-006;UC-N-017,NHI-007;NHI-029;NHI-030,N/A,https://sec.okta.com/articles/2023/11/unauthorized-access-oktas-customer-support-system-and-okta,"A service account stored within the system in question … signed into an employee's personal Google profile on the Chrome browser of their Okta-managed laptop.",okta-2023-customer-support;okta-2023-harfiles,verbatim-elided
mitre-attack,ADVERSARY-LENS,BREACH-okta-2022-01,Okta LAPSUS Sitel breach,UC-F-007;UC-F-025;UC-N-002;UC-N-006;UC-N-009;UC-N-011,NHI-007;NHI-029;NHI-030,N/A,https://sec.okta.com/articles/2022/04/okta-concludes-its-investigation-january-2022-compromise,"A 25-minute time-frame on January 21 2022 in which the threat actor had access to the Sitel support engineer's workstation.",okta-2022-lapsus-conclusion;okta-2022-lapsus-initial,verbatim
mitre-attack,ADVERSARY-LENS,BREACH-cloudflare-2023-11,Cloudflare Thanksgiving breach,UC-F-006;UC-F-007;UC-F-027;UC-N-002;UC-N-006;UC-N-011,NHI-007;NHI-008;NHI-029;NHI-037,N/A,https://blog.cloudflare.com/thanksgiving-2023-security-incident,"One service token and three service accounts that were not rotated were used by the threat actor … This was our mistake.",cloudflare-2023-thanksgiving,verbatim-elided
mitre-attack,ADVERSARY-LENS,BREACH-circleci-2023-01,CircleCI engineer endpoint breach,UC-F-003;UC-F-004;UC-F-006;UC-F-007;UC-N-006;UC-N-017,NHI-003;NHI-007;NHI-008;NHI-030,N/A,https://circleci.com/blog/jan-4-2023-incident-report/,"An engineer's laptop was compromised … with malware … that was able to execute session cookie theft enabling them to impersonate the targeted employee.",circleci-2023-incident,verbatim-elided
mitre-attack,ADVERSARY-LENS,BREACH-ia-2024-10,Internet Archive Zendesk and GitLab tokens,UC-F-001;UC-F-002;UC-F-006;UC-F-007;UC-N-002;UC-N-006,NHI-007;NHI-008;NHI-029,N/A,https://blog.archive.org/2024/10/18/internet-archive-services-update-2024-10-17/,"Our staff Zendesk email support history was accessed because the API tokens were not rotated.",internet-archive-2024,verbatim
mitre-attack,ADVERSARY-LENS,BREACH-sourcegraph-2023-08,Sourcegraph leaked engineer access token,UC-F-001;UC-F-002;UC-F-006;UC-F-007;UC-N-001;UC-N-008,NHI-007;NHI-008;NHI-029,N/A,https://about.sourcegraph.com/blog/security-update-august-2023,"A site-admin access token … was accidentally committed to a public Sourcegraph pull request on July 14 2023.",sourcegraph-2023,verbatim-elided
mitre-attack,ADVERSARY-LENS,BREACH-lastpass-2022,LastPass source-code to customer-vault,UC-F-006;UC-F-007;UC-F-017;UC-F-026;UC-N-010;UC-N-011,NHI-008;NHI-024;NHI-029;NHI-035,N/A,https://blog.lastpass.com/posts/2022/12/notice-of-recent-security-incident,"The threat actor was able to … target a senior DevOps engineer by exploiting vulnerable third-party software … and ultimately obtain access to the decrypted vault.",lastpass-2022-incident-1;lastpass-2022-incident-2,verbatim-elided
mitre-attack,ADVERSARY-LENS,BREACH-xz-utils-2024-03,xz-utils backdoor supply chain,UC-F-016;UC-N-006;UC-N-012;UC-N-014;UC-F-025,NHI-008;NHI-015;NHI-016;NHI-019,N/A,https://www.openwall.com/lists/oss-security/2024/03/29/4,"I extracted that script and ran it manually … and to my horror found that it was creating a new file in the build tree.",xz-utils-2024-openwall;xz-utils-2024-swtch,verbatim-elided
mitre-attack,ADVERSARY-LENS,BREACH-solarwinds-2020,SolarWinds SUNBURST Golden SAML,UC-F-004;UC-F-016;UC-F-017;UC-F-026;UC-N-010;UC-N-011;UC-N-012;UC-N-013,NHI-003;NHI-008;NHI-015;NHI-016;NHI-024;NHI-025;NHI-006,N/A,https://www.cisa.gov/news-events/cybersecurity-advisories/aa20-352a,"The actors … modify and add new federation trusts to existing tenants … and forge tokens for any user account.",cisa-aa20-352a-solarwinds;microsoft-solorigate-2021,verbatim-elided
mitre-attack,ADVERSARY-LENS,BREACH-storm0558-2023-07,Microsoft Storm-0558 consumer signing key,UC-F-006;UC-F-016;UC-F-017;UC-F-026;UC-N-010;UC-N-011;UC-N-013,NHI-006;NHI-015;NHI-024;NHI-025,N/A,https://msrc.microsoft.com/blog/2023/09/results-of-major-technical-investigations-for-storm-0558-key-acquisition/,"A consumer key was leaked into a crash dump … which was subsequently exfiltrated by Storm-0558.",msrc-storm0558-2023;csrb-storm0558-2024,verbatim-elided
mitre-attack,ADVERSARY-LENS,BREACH-uber-2022-09,Uber MFA-bombing privileged creds,UC-F-001;UC-F-005;UC-F-007;UC-F-013;UC-F-015;UC-F-026;UC-N-002;UC-N-010,NHI-001;NHI-005;NHI-012;NHI-024;NHI-029;NHI-037,N/A,https://www.uber.com/newsroom/security-update/,"The contractor accepted one [MFA prompt] and the attacker successfully logged in … the attacker accessed several … hardcoded admin credentials.",uber-2022-security-update,verbatim-elided
mitre-attack,ADVERSARY-LENS,BREACH-toyota-2022-10,Toyota source-leak AWS key,UC-F-001;UC-F-002;UC-F-003;UC-F-006;UC-N-001;UC-N-002;UC-N-006,NHI-001;NHI-008;NHI-029,N/A,https://global.toyota/en/newsroom/corporate/38095972.html,"A part of the source code … was mistakenly published on GitHub … and contained an access key … to the data server.",toyota-2022-tconnect,verbatim-elided
mitre-attack,ADVERSARY-LENS,BREACH-sumologic-2023-11,Sumo Logic AWS access-key compromise,UC-F-003;UC-F-006;UC-F-007;UC-N-002;UC-N-017,NHI-001;NHI-007;NHI-029,N/A,https://www.sumologic.com/security-response-center/security-incident-update/,"Potentially compromised credential was used to access a Sumo Logic AWS account.",sumologic-2023,verbatim
mitre-attack,ADVERSARY-LENS,BREACH-moveit-2023,MOVEit Cl0p zero-day mass exfiltration,UC-F-007;UC-F-014;UC-F-022;UC-N-006;UC-N-011;UC-N-014,NHI-006;NHI-007;NHI-013;NHI-029;NHI-031,N/A,https://www.cisa.gov/news-events/cybersecurity-advisories/aa23-158a,"CISA and the FBI … identified CVE-2023-34362 a structured-query-language injection vulnerability in Progress Software's managed file transfer (MFT) solution MOVEit Transfer.",cisa-aa23-158a-moveit;progress-moveit-2023,verbatim-elided
mitre-attack,ADVERSARY-LENS,BREACH-snowflake-2024-06,Snowflake-related info-stealer credential reuse,UC-F-003;UC-F-005;UC-F-006;UC-F-007;UC-N-002;UC-N-006;UC-N-011,NHI-001;NHI-005;NHI-007;NHI-029;NHI-037,N/A,https://www.snowflake.com/en/blog/detecting-investigating-targeted-customer-attack-snowflake/,"These attacks … leveraged credentials previously purchased or obtained through infostealing malware … against accounts that … did not have multi-factor authentication enabled.",snowflake-2024;mandiant-unc5537-2024,verbatim-elided
owasp-llm,THREAT-CONTEXT,LLM06:2025,Excessive Agency,UC-F-018;UC-F-028;UC-F-029;UC-F-030,NHI-019;NHI-010,N/A,https://genai.owasp.org/llmrisk/llm062025-excessive-agency/,"Excessive Agency is the vulnerability that enables damaging actions to be performed in response to unexpected, ambiguous or manipulated outputs from an LLM",owasp-llm06-2025,verbatim
