archetype_id,name,intent,met_def,partial_def,gap_def,na_def,evidence_expectation
A0,Bespoke,"Long-tail use-case that does not fit a reusable pattern; criteria authored per-UC.","See bespoke-criteria.csv for this uc_id.","See bespoke-criteria.csv for this uc_id.","See bespoke-criteria.csv for this uc_id.","Capability not in client scope.","Per the uc_id row(s) in bespoke-criteria.csv."
A1,Preventive Guardrail,"A control enforced at a gate that blocks a bad action for {nhi_population}.","{control} enforced in blocking mode across {scope}; bypasses require a registered exception with owner+expiry; violations alerted.","{control} deployed in detect/monitor mode or over partial {scope}; enforcement not blocking everywhere; exceptions ad hoc.","{control} not deployed or trivially bypassed; no meaningful coverage.","{control}/{nhi_population} not applicable to client scope.","Gate/policy config showing blocking mode plus the covered {scope} list."
A2,Population Migration / Coverage,"Share of an identity population {nhi_population} moved from {legacy_pattern} to {target_pattern}.","{target_pattern} is the enforced default for new {nhi_population} AND >= {threshold} of existing population migrated AND legacy inventory with active burn-down AND exceptions registered with owner+expiry.","{target_pattern} available and used for some {nhi_population}; no complete inventory or burn-down; exceptions ad hoc.","{target_pattern} not in use; {nhi_population} remains on {legacy_pattern}; no inventory.","{nhi_population} does not exist in client scope.","Migration metric (% on {target_pattern}) plus legacy burn-down inventory."
A3,Capability Adoption,"{capability} is deployed AND adopted to depth for {nhi_population} meeting {config_target}.","{capability} in production AND adopted by >= {threshold} of {nhi_population} AND configuration meets {config_target}.","{capability} available but adoption is low (shelf-ware) OR configuration below {config_target}.","{capability} not available or not used for {nhi_population}.","{capability}/{nhi_population} not applicable to client scope.","Adoption metric plus a configuration sample evidencing {config_target}."
A4,Lifecycle Automation,"Issuance, rotation and revocation of {credential_type} automated within {sla} for {nhi_population}.","Full lifecycle (issue+rotate+revoke) automated for {nhi_population} within {sla}; failures alerted on-call.","Some lifecycle phases automated (e.g. rotation but not revocation) or partial {nhi_population}; manual steps remain.","Lifecycle is manual or managed out-of-band for {credential_type}.","{credential_type}/{nhi_population} not applicable to client scope.","Pipeline/runbook plus an SLA-attainment metric for {credential_type}."
A5,Inventory & Attestation,"A complete owner-attested register of {nhi_population} re-attested every {cadence} and exported to {system}.","Register covers >= {threshold} of {nhi_population}; entries owner-attested; re-attested every {cadence}; exported to {system}.","Partial inventory; attestation ad hoc or stale; no export to {system}.","No inventory of {nhi_population} exists.","{nhi_population} not applicable to client scope.","The register plus attestation records and an export to {system}."
A6,Telemetry / KPI,"{metric} published every {cadence} with drill-down by {dimension} and freshness <= {freshness}.","{metric} published every {cadence}; drill-down by {dimension}; freshness <= {freshness}; reviewed at {forum}.","{metric} exists but cadence is irregular, lacks drill-down, or is stale beyond {freshness}.","{metric} is not produced.","{metric} not applicable to client scope.","The dashboard/report instance plus evidence of {cadence} and {freshness}."
A7,Governance Process & Register,"A documented {process} whose entries carry owner+expiry and auto-escalate.","{process} documented and operating; every entry has owner+expiry; expired entries auto-escalate; reviewed every {cadence}.","{process} exists but entries lack owner/expiry or escalation is manual.","No {process} or register exists.","{process} not applicable to client scope.","A register sample plus evidence of an escalation having fired."
A8,Periodic Assurance Artifact,"A {artifact} assembled every {cadence} with sign-off covering {scope}.","{artifact} assembled every {cadence}; signed and timestamped; covers {scope}; generated within {sla}.","{artifact} produced ad hoc or with incomplete {scope}; no formal sign-off.","{artifact} is not produced.","{artifact} not applicable to client scope.","An artifact instance plus its sign-off/timestamp record."
